,lightgbm,ada,xgboost,dt,qda,catboost
negative1,0.05651952112118773,0.4726766357837507,0.02345513179898262,0.2241273729332517,1.0992056787159058e-30,0.11203425831496311
negative2,0.8944897133822818,0.5202748718181995,0.9897023439407349,0.7033639143730887,0.9999969928348825,0.8408163183491552
negative3,0.18550121786329568,0.5103182542267617,0.0370481051504612,0.7402714932126697,0.5658890160712705,0.2970591663913192
negative4,0.9454802457327823,0.5242220074415961,0.972434401512146,0.7033639143730887,1.0,0.8802171817010846
negative5,0.1884484671531187,0.4660996541542267,0.2821992039680481,0.2241273729332517,2.3301520674430193e-05,0.15953794851777203
negative6,0.03939551730306912,0.45890233318315066,0.005068044178187847,0.2241273729332517,6.320499504810553e-21,0.07108314157930906
negative7,0.23639862831668143,0.5012223774076614,0.09734675288200378,0.5574712643678161,0.9998964602110523,0.3743529018959261
negative8,0.042320859658742195,0.46250394848489434,0.013910355977714062,0.2241273729332517,1.6217838046234018e-08,0.10643840764339814
negative9,0.07097096190600025,0.484414071479797,0.01197720319032669,0.3048780487804878,3.388261586178871e-27,0.1369110011259384
negative10,0.89783796429841,0.536446806306727,0.9822906851768494,0.7033639143730887,0.9984413086430128,0.9123951084628316
negative11,0.9561182799257933,0.5419360090596098,0.9956626296043396,0.7402714932126697,0.9816997757281928,0.9122611052867096
negative12,0.7527968728090451,0.5113567969870707,0.7339236736297607,0.5574712643678161,0.9999999999922471,0.7572694079478448
negative13,0.8155677245958872,0.5240682173203595,0.9742429852485657,0.7402714932126697,1.0,0.719460137501274
negative14,0.10442147334181547,0.4645025788226003,0.02239762432873249,0.2241273729332517,2.691843617420413e-07,0.15187794840918709
negative15,0.8776685312293446,0.496249656116565,0.9450446963310242,0.5575221238938053,0.9909353663640073,0.626806696973437
negative16,0.10636758593208805,0.4673856269079141,0.03432754427194595,0.2241273729332517,1.3250479319745201e-15,0.13621584040424392
negative17,0.9780542844996215,0.5525304500030487,0.9956289529800415,0.7402714932126697,0.999999999997977,0.9670464900738323
negative18,0.15958322376203615,0.4556180247062674,0.009098353795707226,0.2241273729332517,4.919617804445316e-08,0.09679516695667391
negative19,0.1394950380717894,0.47140589718058573,0.06181178614497185,0.2241273729332517,7.656761081318104e-11,0.21690361765233654
negative20,0.17546971381527454,0.46964131140927984,0.11792299896478653,0.2241273729332517,0.003576106805225356,0.3563970715602285
negative21,0.16936683010460396,0.4755646328365138,0.028696874156594276,0.2241273729332517,7.078482876628252e-05,0.30793123661383986
negative22,0.34672932389933464,0.48278022675200855,0.03449811786413193,0.17813765182186234,1.450112434328841e-05,0.16609603504324152
negative23,0.147424872459057,0.47767126825025297,0.035589031875133514,0.17813765182186234,4.127857103008626e-12,0.17017887739077722
negative24,0.32637554544711395,0.5006770341361072,0.03442739322781563,0.48314606741573035,4.6712850774281185e-07,0.2900247746797825
negative25,0.15705776150112397,0.46611501328723504,0.041926633566617966,0.2241273729332517,0.9981182184187771,0.1326495292553307
negative26,0.5352955775191717,0.5303952230304309,0.5879581570625305,0.7033639143730887,3.910692603823502e-13,0.7385743757629104
negative27,0.14180466113112133,0.46951293729156046,0.024310117587447166,0.2241273729332517,1.8271298478969767e-10,0.17819167986199627
negative28,0.864615436418068,0.49132420216872447,0.9504718780517578,0.3048780487804878,0.9999999999991585,0.6884173549668114
negative29,0.9512596013711045,0.5469482865945268,0.9928407669067383,0.7402714932126697,1.0,0.9202375152377125
negative30,0.881248880416172,0.5147057639653004,0.9653056263923645,0.7033639143730887,0.9999999999998297,0.8154671242618171
negative31,0.10058967775363056,0.4916907986995525,0.0183713398873806,0.3048780487804878,2.608092975362888e-10,0.18437900715230082
negative32,0.20365357121096772,0.46874699000892517,0.1337088644504547,0.2241273729332517,1.7531922187221802e-10,0.22326879844030487
negative33,0.165930209242556,0.4893368917950055,0.05991283431649208,0.5575221238938053,0.9999837899491559,0.23854986416501117
negative34,0.7104300380807217,0.5089875498290741,0.9497664570808411,0.7033639143730887,1.0,0.599122290590892
negative35,0.08072073681040869,0.4779657374319917,0.05326871946454048,0.2241273729332517,7.409006539036246e-10,0.1526297335898965
negative36,0.07204104184640614,0.4922432908882411,0.03670546039938927,0.5574712643678161,3.6061475227553175e-14,0.16438816459421604
negative37,0.0547558161309165,0.47041988176199445,0.004079274833202362,0.2241273729332517,1.2287920608051035e-121,0.068142810874864
negative38,0.05986506382704128,0.47832512824961787,0.035612232983112335,0.2241273729332517,6.429594012171976e-15,0.09998402227045415
negative39,0.5366188551508206,0.5185890929088173,0.6734870076179504,0.7402714932126697,0.9999999999999991,0.4954965729512421
negative40,0.3292206086526206,0.49132420216872447,0.027419114485383034,0.5575221238938053,8.56479132215359e-13,0.31915641021793584
negative41,0.13024115991115567,0.47767126825025297,0.007959317415952682,0.17813765182186234,1.9504141858701405e-20,0.16082488862834632
negative42,0.14300874474727093,0.4704038677861494,0.018719805404543877,0.2241273729332517,8.49076037923183e-15,0.12935766325777082
negative43,0.19019488948192298,0.5127218091024861,0.09715677797794342,0.7402714932126697,2.330718930493933e-08,0.37022909477573207
negative44,0.5715160604510847,0.5050234758516521,0.9671608805656433,0.5574712643678161,0.33093303224826964,0.7352870805248217
negative45,0.11674393353020238,0.5283374362495182,0.04171038791537285,0.7402714932126697,3.850175608029556e-05,0.25646263999277735
negative46,0.4018888746829156,0.5007772067527376,0.2455279529094696,0.7402714932126697,4.225052543031671e-26,0.5256834853333945
negative47,0.07376176955897014,0.468723465198851,0.026966001838445663,0.2241273729332517,1.9789441793120343e-08,0.12287434293492124
negative48,0.05131358553325227,0.46958034574798035,0.03196197748184204,0.2241273729332517,8.60198919214481e-10,0.09640901160961018
negative49,0.1350817264796225,0.47783500683279223,0.04273242875933647,0.2241273729332517,4.583733236449264e-11,0.1804789124164013
negative50,0.061962472716689546,0.4584013906230413,0.00525676179677248,0.2241273729332517,1.1005792688206796e-12,0.08462733626914445
negative51,0.15388741783844948,0.4970916302087895,0.04951273649930954,0.5575221238938053,1.142763924389296e-05,0.3104280785413387
negative52,0.03274591687846461,0.45241807310551224,0.0009406485478393734,0.2241273729332517,2.76993981181888e-11,0.054815119664794396
negative53,0.25322383833266876,0.5135852650401078,0.03705012798309326,0.7402714932126697,0.0033876040797659905,0.38249117811735084
negative54,0.9576064650896171,0.5049264838977549,0.9939841628074646,0.9617224880382775,0.3442740757058699,0.8899172693215996
negative55,0.2314072838860285,0.46874699000892517,0.4402952492237091,0.2241273729332517,7.466877506189239e-07,0.2463989062906278
negative56,0.5687927992890899,0.5189607295026682,0.36272597312927246,0.7402714932126697,0.9997985714961446,0.5409226234103426
negative57,0.7501004027524756,0.5097573619578749,0.7243225574493408,0.7033639143730887,0.999999999999758,0.7864691055720583
negative58,0.0867759430848731,0.4766618989264997,0.019863903522491455,0.2241273729332517,1.2654118709787522e-45,0.1263142792928196
negative59,0.3223999240534663,0.5153336794722907,0.10296756029129028,0.7402714932126697,0.9998826268418267,0.5517110594170003
negative60,0.8195120956064973,0.5190029348197333,0.9741448760032654,0.7402714932126697,0.0001686754671682772,0.7582320941846825
negative61,0.3352780116121894,0.4773136853098924,0.3570914566516876,0.2241273729332517,0.010951709585513916,0.26835822531693104
negative62,0.06681319486864751,0.4573041377178837,0.04333840683102608,0.2241273729332517,5.135166660298366e-11,0.13853548855059644
negative63,0.1660729703878392,0.46874699000892517,0.14120978116989136,0.2241273729332517,1.1418080463297764e-06,0.21419593277994797
negative64,0.08776290332854055,0.4673980732098552,0.021329469978809357,0.2241273729332517,1.9027715170116624e-15,0.09511443157978712
negative65,0.7676799266554926,0.5116102226332556,0.3655514121055603,0.7033639143730887,0.9999999988714889,0.7850110409159017
negative66,0.07891775562157323,0.46952539030371737,0.03635413199663162,0.2241273729332517,1.404751124642057e-17,0.17684920725135964
negative67,0.07755022308581733,0.5063750143548696,0.004749336279928684,0.3048780487804878,1.0134510030316496e-25,0.2272776896571412
negative68,0.0634027522947656,0.46825426199749015,0.0033759241923689842,0.09375,2.495805569779648e-71,0.07108733803538818
negative69,0.945796457757941,0.5062513949412222,0.9849308729171753,0.9617224880382775,0.999999946444343,0.9191888135986778
negative70,0.9349609278737342,0.5519221812460321,0.9872503280639648,0.7402714932126697,0.9999999999999971,0.9087454293868809
negative71,0.10696860043738247,0.48028906965813406,0.00803651288151741,0.2241273729332517,6.157789032753359e-10,0.17741785444263083
negative72,0.27580007235684617,0.4636534115584135,0.061363864690065384,0.2241273729332517,7.746710994089244e-12,0.27559705126262274
negative73,0.1250855981891807,0.4601655850583363,0.043203167617321014,0.2241273729332517,0.9168283963228929,0.1980181316191846
negative74,0.1028738698981434,0.4627609168728913,0.02453574724495411,0.2241273729332517,0.093715967353525,0.12605799675979032
negative75,0.3819773582443216,0.4876387966988653,0.25690561532974243,0.3048780487804878,6.095902204044525e-17,0.47217636964784737
negative76,0.07701851665131577,0.45671803329778843,0.01517677865922451,0.2241273729332517,2.941442660163455e-10,0.10862713815599709
negative77,0.11583521883401611,0.46216227157367806,0.016152093186974525,0.2241273729332517,0.0006079928063346283,0.13023714334320952
negative78,0.11143761528352697,0.4995789361973309,0.0426354706287384,0.5574712643678161,1.6405014370818176e-13,0.16127353055300633
negative79,0.06469522192747493,0.46443059260249386,0.004573375917971134,0.2241273729332517,6.420995330904629e-18,0.10692835213395738
negative80,0.1395204903362765,0.484414071479797,0.05013918876647949,0.3048780487804878,4.0207478898267446e-13,0.24101920208257968
negative81,0.04106736242963737,0.46325970601038363,0.04603232443332672,0.2241273729332517,0.00039937444992196294,0.09162790306531195
negative82,0.08412952714227394,0.4666200974399248,0.02454870380461216,0.2241273729332517,8.72405374287908e-13,0.14904581878313414
negative83,0.28727241899550804,0.5090176595833731,0.04949971288442612,0.5574712643678161,0.9999957030515141,0.4337878583417622
negative84,0.19884896346981568,0.4745634168001796,0.05977724865078926,0.2241273729332517,0.7506379530261912,0.2285873133699122
negative85,0.12874975001504052,0.4845126369126118,0.023547494783997536,0.48314606741573035,3.5627035422934494e-13,0.13605648795662817
negative86,0.7949061924852169,0.5156015201292641,0.9112957119941711,0.7402714932126697,0.9999999999999312,0.721909016925232
negative87,0.11307406732473578,0.45671803329778843,0.02101571299135685,0.2241273729332517,1.38927893043896e-12,0.09139532091304779
negative88,0.1333719589680486,0.46443059260249386,0.030319903045892715,0.2241273729332517,3.3969244297044026e-07,0.16213401674098357
negative89,0.18634744020576918,0.5222349604204252,0.04033202677965164,0.7402714932126697,0.9998588145596251,0.348466837887505
negative90,0.14045876355541645,0.466620252869089,0.0343644954264164,0.2241273729332517,2.0337229450944296e-12,0.15532772234008713
negative91,0.17101532159538962,0.4771603086252787,0.00812891311943531,0.2241273729332517,1.3081025597504843e-15,0.1683617051554388
negative92,0.7104989580400656,0.5147327615027665,0.9469894766807556,0.7402714932126697,1.0,0.6618820726088864
negative93,0.08473075625352401,0.4636534115584135,0.014040656387805939,0.2241273729332517,4.133426212195446e-07,0.08157687264548913
negative94,0.8433306545756377,0.510087041775281,0.9871804118156433,0.7033639143730887,0.9999999999999811,0.8043425567103909
negative95,0.13354768449633062,0.4786170836199952,0.026522956788539886,0.2241273729332517,0.0001154948127917886,0.16519448520054178
negative96,0.18223973701891868,0.5288531375707283,0.053034860640764236,0.7402714932126697,1.0,0.3102870648621619
negative97,0.05325398805247714,0.4553762284507215,0.0057939146645367146,0.2241273729332517,3.5629450706559787e-10,0.11405018139874978
negative98,0.059614959166972466,0.45319248910132703,0.021844781935214996,0.2241273729332517,0.00011070782748275331,0.08926100302746738
negative99,0.02732421842727108,0.5064639618283657,0.013016636483371258,0.09375,1.9265736360859277e-17,0.1252784484885534
negative100,0.42965828981738863,0.48713814578260833,0.3414633572101593,0.5575221238938053,3.550863975086071e-13,0.290255662620752
negative101,0.1346140591757783,0.47563980535108263,0.0018778461962938309,0.2241273729332517,3.1365949288425183e-16,0.19389012392213117
negative102,0.06720195944426216,0.4702701272816739,0.007954977452754974,0.2241273729332517,2.277808073558576e-14,0.1150764379614967
negative103,0.08861514054258858,0.4770225117116582,0.03781323507428169,0.2241273729332517,3.3540826107750634e-11,0.2315450389962655
negative104,0.6870809659676229,0.5049024475725192,0.9178749918937683,0.5574712643678161,0.9999476103230905,0.676220278389277
negative105,0.16438006937609842,0.48278022675200855,0.09024364501237869,0.17813765182186234,5.435185606708907e-21,0.08290384902404202
negative106,0.43092678896395,0.48290817882547116,0.7559002637863159,0.2241273729332517,0.994795346960508,0.42045744754489434
negative107,0.1417597141281389,0.46874699000892517,0.040174614638090134,0.2241273729332517,3.128839866176502e-15,0.17763192718629364
negative108,0.02793543001041337,0.45942514267464135,0.0026961236726492643,0.2241273729332517,2.1031844573399856e-17,0.08386554127544704
negative109,0.8895438212165893,0.5250328324056159,0.9870831966400146,0.7402714932126697,0.9999999999999996,0.7491991334600273
negative110,0.1770119067099948,0.48278022675200855,0.03874142840504646,0.17813765182186234,2.3507789110152982e-17,0.17188025481419378
negative111,0.07024637556146106,0.4574936602205107,0.00966639444231987,0.2241273729332517,5.623010457032262e-20,0.08506030543937253
negative112,0.23623872899826598,0.5009969331428455,0.03702392056584358,0.5574712643678161,0.15613879396905053,0.43975282680772537
negative113,0.07833360978214338,0.4799434392319543,0.049603868275880814,0.2241273729332517,1.1029837040744396e-06,0.1613292632037534
negative114,0.031185522336600473,0.4722915449222078,0.0023281911853700876,0.2241273729332517,4.063409622325352e-38,0.04479218416985069
negative115,0.8736287458232227,0.5497143813589146,0.9776061773300171,0.7402714932126697,1.0,0.9131240255006403
negative116,0.1437857789817191,0.4771866102574871,0.015468192286789417,0.2241273729332517,4.604214342404255e-12,0.15518062610735173
negative117,0.06311474930764713,0.5074180221739252,0.006337215658277273,0.09375,2.786572031395677e-21,0.17783823478606992
negative118,0.10125188961308586,0.46684077783118266,0.053045447915792465,0.2241273729332517,9.616945720036443e-10,0.1552503409875081
negative119,0.8615543369591572,0.5535030888519397,0.9849931001663208,0.7402714932126697,0.9999999999891007,0.8638404467522365
negative120,0.6203236562372368,0.5035759531643761,0.916469931602478,0.7402714932126697,0.9999920317871532,0.616060806525607
negative121,0.1627696074565,0.46874699000892517,0.07026240974664688,0.2241273729332517,2.6261128186864987e-16,0.2033417483655812
negative122,0.9711648558126635,0.4976456474102488,0.9788378477096558,0.9617224880382775,0.999999998138871,0.9231041275454818
negative123,0.09248101025312876,0.5275709614487941,0.04441690817475319,0.7402714932126697,0.9717197310191641,0.21495338924489227
negative124,0.07444136636641221,0.48791903723168173,0.04933944344520569,0.3048780487804878,1.165512949932129e-08,0.2743729657458327
negative125,0.2871193566031605,0.48523608576633614,0.0824170783162117,0.48314606741573035,0.0005207660931795166,0.3235742440119083
negative126,0.19717911325652668,0.5071424350985734,0.04020198434591293,0.7402714932126697,0.21830466478337146,0.32755502280727367
negative127,0.9435670745063607,0.50853732473926,0.9885468482971191,0.7033639143730887,0.11707740345120247,0.8134560627721555
negative128,0.8528434084081482,0.4910153491859377,0.9494025111198425,0.5575221238938053,0.993305732087938,0.7649216235373568
negative129,0.9417085119801117,0.5473003746569498,0.9779600501060486,0.7402714932126697,1.0,0.8802664960198383
negative130,0.843487483652945,0.5242008832517829,0.9583933353424072,0.7402714932126697,0.9999999999983704,0.730353543393294
negative131,0.07928462149834833,0.45671803329778843,0.012829648330807686,0.2241273729332517,6.35463570101009e-45,0.08077300800610021
negative132,0.05499495315635731,0.4593433629525323,0.016698148101568222,0.2241273729332517,1.5095339057835612e-12,0.07741479123933714
negative133,0.24988939081051065,0.5217125973729594,0.02063913829624653,0.7402714932126697,0.9999999999999991,0.32072989530166784
negative134,0.5599584291503539,0.5046052682446507,0.4447336196899414,0.7033639143730887,7.284979142629086e-05,0.7293806576955325
negative135,0.14143145906652882,0.5115861790369947,0.04247164726257324,0.5574712643678161,1.4430751343227626e-10,0.17768942472473342
negative136,0.8808507614446804,0.5197543454365409,0.9881226420402527,0.7033639143730887,0.9946652140321477,0.7983093841166246
negative137,0.08859251452993394,0.49332435384024764,0.025600742548704147,0.09375,1.6791934942809186e-13,0.1599555522828453
negative138,0.08945758244039138,0.46636634085620055,0.02425479143857956,0.2241273729332517,1.8699047065178146e-21,0.14849869812267602
negative139,0.1107748177612174,0.5061485432659824,0.044220682233572006,0.5574712643678161,0.021130791259926927,0.30356461634026183
negative140,0.1950276163887134,0.5090176595833731,0.02294437400996685,0.5574712643678161,1.1568176293848256e-08,0.35329290689268056
negative141,0.7376032957528228,0.49282547582892655,0.8857403993606567,0.7402714932126697,0.5024106082378239,0.636183327429312
negative142,0.3341032858504302,0.48713814578260833,0.2322903424501419,0.5575221238938053,5.2754548912085546e-11,0.24247881380699185
negative143,0.07530940264119554,0.4849779033254642,0.004884976893663406,0.17813765182186234,2.832989195380403e-13,0.1060273168950185
negative144,0.8846832109955407,0.525768388053762,0.9400138854980469,0.7033639143730887,0.9556238940409129,0.8678254473749077
negative145,0.23082102498199758,0.5217800718391046,0.044702980667352676,0.7402714932126697,0.6770644805392643,0.33291249992340755
negative146,0.0710430436895371,0.46443059260249386,0.024058964103460312,0.2241273729332517,2.969118187998291e-05,0.13850421283289147
negative147,0.1408217334966141,0.46098227241083195,0.06098954379558563,0.2241273729332517,1.8887939726573284e-05,0.16063487477065966
negative148,0.500981139251216,0.5099991722728048,0.6838616728782654,0.5574712643678161,0.9994225899890606,0.6005045361714106
negative149,0.09219191625582442,0.46443059260249386,0.0867978110909462,0.2241273729332517,3.1009842355683234e-11,0.13447271516392484
negative150,0.9115984512850516,0.5167106712614639,0.9754312038421631,0.7033639143730887,1.0,0.7925158791204865
negative151,0.06601213501354225,0.45942514267464135,0.008638818748295307,0.2241273729332517,7.183006388533172e-08,0.12121257745479415
negative152,0.050115134689112044,0.46829014746027753,0.013306133449077606,0.2241273729332517,4.4034209303200084e-12,0.12003178379287341
negative153,0.04295509311488676,0.4810692805011492,0.005729284603148699,0.2241273729332517,3.5866218415402716e-07,0.1024326335062992
negative154,0.23092081551942736,0.4775521947367664,0.020886994898319244,0.2241273729332517,1.1729834157115032e-19,0.16555261853021508
negative155,0.9716872965811828,0.5461055990681813,0.9971717000007629,0.7402714932126697,1.0,0.9191600014277773
negative156,0.03823169970215208,0.48949161418330567,0.014239737764000893,0.3048780487804878,7.386352495094978e-25,0.13257889569502612
negative157,0.2062338503127423,0.4676809708453074,0.03977635130286217,0.2241273729332517,0.0008663328695908337,0.2508963937008489
negative158,0.9275469766499135,0.5083407635828985,0.9441314339637756,0.9617224880382775,0.9994872675660319,0.838886646615015
negative159,0.06646221468102206,0.4574936602205107,0.007756086532026529,0.2241273729332517,2.0289654864509098e-14,0.0667338961139917
negative160,0.21659999269382635,0.5299145761913985,0.030356453731656075,0.5574712643678161,2.5238548157687796e-127,0.14768403257766435
negative161,0.9505915320657938,0.5380980663152416,0.9840260148048401,0.7402714932126697,0.9999999465246778,0.8654490304889021
negative162,0.03967048391328163,0.48283593499608973,0.0032420135103166103,0.2241273729332517,1.23975937688219e-06,0.11683906266183335
negative163,0.5202345698292409,0.47783500683279223,0.18281356990337372,0.2241273729332517,0.11395988553936914,0.27978162604894685
negative164,0.9565349234993168,0.5098093302885672,0.9994834661483765,0.9617224880382775,0.9999999999185663,0.9282006672139855
negative165,0.9237165849956074,0.4984145135975712,0.9633949398994446,0.9617224880382775,2.5749045936643022e-11,0.763762587385862
negative166,0.7094194822985859,0.5123268254903596,0.6744851469993591,0.7402714932126697,0.9990642820691068,0.711367335522395
negative167,0.9076944756556129,0.5116337509613954,0.9938589930534363,0.7033639143730887,1.0,0.8889216738707859
negative168,0.040494943224718305,0.47411683833823887,0.0021028185728937387,0.09375,7.224418741729538e-130,0.09012188755546834
negative169,0.11171118745360305,0.45241807310551224,0.0109437620267272,0.2241273729332517,4.153865405805855e-11,0.07588835902955021
negative170,0.3792482550633443,0.4609393766465836,0.3581083416938782,0.2241273729332517,1.1203985829679267e-07,0.3094458773935199
negative171,0.1656120063946436,0.45671803329778843,0.06277807056903839,0.2241273729332517,9.499169859170967e-10,0.15546198347512155
negative172,0.20538779446317162,0.49031480336711125,0.16992591321468353,0.17813765182186234,1.7098681471626877e-14,0.23863364844505824
negative173,0.0633064935004453,0.45241807310551224,0.004342157393693924,0.2241273729332517,1.1962598877634186e-12,0.07755194912110971
negative174,0.0701148749999037,0.4808026279766157,0.033111318945884705,0.09375,1.7886777153827302e-35,0.12847478063068357
negative175,0.07599247963939451,0.45671803329778843,0.013437608256936073,0.2241273729332517,6.841603194625098e-13,0.0896987963484439
negative176,0.8194948993693648,0.5120479461046386,0.889557957649231,0.7033639143730887,0.46572346215220234,0.7493052591022801
negative177,0.21270080624967277,0.47053766681311354,0.37979188561439514,0.2241273729332517,0.00037395321851237026,0.32703169067992777
negative178,0.022266102809837235,0.44059758503399404,0.003351079300045967,0.2241273729332517,7.474659277544854e-157,0.03003786289269691
negative179,0.922182270324322,0.5083818155199763,0.9873419404029846,0.5574712643678161,0.9999999999983835,0.8284410667472399
negative180,0.236997558877844,0.5084115937912312,0.12939703464508057,0.7402714932126697,1.4245338648280495e-07,0.41362204711440437
negative181,0.19621088733323833,0.48116049594201443,0.20285846292972565,0.17813765182186234,1.1902175764780003e-05,0.19103754862785652
negative182,0.27924704169661824,0.5238779035665538,0.10477492958307266,0.7402714932126697,2.7242503252516036e-09,0.38622977273403303
negative183,0.19354488324884922,0.4602014726442668,0.049001168459653854,0.2241273729332517,6.134919357895077e-10,0.12294040960185654
negative184,0.7135332048871276,0.5081201940677251,0.9862749576568604,0.7402714932126697,8.070452578192426e-09,0.6815198532640785
negative185,0.01141558625107966,0.44059758503399404,0.001631785067729652,0.2241273729332517,1.1120742509773795e-279,0.02398521241941211
negative186,0.030527424220101854,0.46520810180258776,0.005833981093019247,0.2241273729332517,1.4633597034484703e-47,0.08373574920786166
negative187,0.1744665537528826,0.46636634085620055,0.053617194294929504,0.2241273729332517,4.878527116308895e-14,0.19818106603304364
negative188,0.0892840983665783,0.48278022675200855,0.03082071617245674,0.17813765182186234,3.704105521928855e-24,0.14927866453704858
negative189,0.4659972181138028,0.5218688694611425,0.9048659801483154,0.7033639143730887,0.9998399667083788,0.7240934295458814
negative190,0.27840297391118307,0.5126768679476729,0.09820935875177383,0.7402714932126697,0.9458240618791229,0.4104166916528344
negative191,0.12962237564259718,0.4718880526392643,0.06345879286527634,0.2241273729332517,0.0007132450138307128,0.26082371603279125
negative192,0.2770209770875405,0.4609393766465836,0.5217859745025635,0.2241273729332517,3.862022619994896e-10,0.32029438819453715
negative193,0.8336094020433403,0.5117126622460869,0.9749554395675659,0.7033639143730887,1.0,0.8725536777302598
negative194,0.3976449757691489,0.5007772067527376,0.22352059185504913,0.7402714932126697,5.704525700670283e-23,0.6439962101550986
negative195,0.9229596920981837,0.5440234880047807,0.9951877593994141,0.7402714932126697,0.9941571243186628,0.9313753757895236
negative196,0.23568469383560425,0.5422467610807106,0.10625848919153214,0.7402714932126697,1.022863455649776e-05,0.41646159765863616
negative197,0.8116683857528039,0.5316814421815008,0.9432374835014343,0.7402714932126697,0.9988351438905438,0.8185487854657132
negative198,0.1320160450146564,0.46874699000892517,0.019410550594329834,0.2241273729332517,1.3085003784751943e-11,0.1859634227528289
negative199,0.04333265054540015,0.46443059260249386,0.053830016404390335,0.2241273729332517,0.007944032683913393,0.08632297755403102
negative200,0.15044016211870218,0.503039824388004,0.04152073711156845,0.5574712643678161,5.283470037811595e-06,0.221323792717449
negative201,0.35592023229470543,0.47346028182119865,0.3808380961418152,0.2241273729332517,0.00012338523511749885,0.2050534407600928
negative202,0.8605453878980767,0.5139617482385961,0.9757535457611084,0.7033639143730887,1.0,0.8527190842819956
negative203,0.2351156377706491,0.4836769458813305,0.037080712616443634,0.17813765182186234,5.466161614756536e-12,0.3416560355820752
negative204,0.9327499483547816,0.49649012224690037,0.9640682935714722,0.7033639143730887,1.0,0.7398873817574483
negative205,0.1967758759909304,0.5150960681265626,0.08220651745796204,0.7402714932126697,4.188763435558471e-07,0.3865560401416226
negative206,0.05841942558240496,0.4819657830214766,0.0011863189283758402,0.2241273729332517,9.043922205193028e-08,0.1175381454898678
negative207,0.18040114951507133,0.521861128946457,0.04614797979593277,0.17813765182186234,4.908290398210516e-08,0.3952360920795203
negative208,0.08035012292261542,0.4765354812446906,0.05510367080569267,0.2241273729332517,1.108704260649622e-05,0.2273930064962521
negative209,0.12604927916624728,0.4585774106395414,0.07784628123044968,0.2241273729332517,3.25619389396224e-08,0.17490975907755138
negative210,0.9299580656954655,0.5329782346022283,0.9363584518432617,0.7402714932126697,0.0004966357207953969,0.8404786975555323
negative211,0.12166947946281642,0.467883651199105,0.02335990034043789,0.2241273729332517,5.004907605033751e-16,0.1418316939417122
negative212,0.13880020760767456,0.47563980535108263,0.15791547298431396,0.2241273729332517,8.506467194335473e-05,0.19889762778884376
negative213,0.39316550813754075,0.530403837631635,0.07740151137113571,0.7402714932126697,0.02556872991969884,0.5426602254389902
negative214,0.17031371686875307,0.4621240439394963,0.01330571435391903,0.2241273729332517,4.5869551830526624e-05,0.10975278077884786
negative215,0.1270541452901438,0.49441655314163135,0.024998322129249573,0.3048780487804878,0.9975340728267936,0.255302495915084
negative216,0.8150768650407898,0.50853732473926,0.9070339202880859,0.7033639143730887,0.40674503457272004,0.7413936528984694
negative217,0.22409521908252597,0.48196796535408143,0.09223060309886932,0.2241273729332517,1.3523621044375433e-13,0.26671283930005685
negative218,0.22754082647845855,0.5117121106795546,0.04901014640927315,0.7402714932126697,1.8001553191674344e-13,0.321972140895884
negative219,0.27815837389138875,0.5267897141907023,0.13642489910125732,0.7402714932126697,5.610989786148119e-06,0.5258771987276103
negative220,0.22084040184496428,0.5360691526611409,0.09840963035821915,0.7402714932126697,0.9999987244492753,0.40202509877138803
negative221,0.30324541119021187,0.5219667881604639,0.08015033602714539,0.7402714932126697,0.9999999999999603,0.32621416463708025
negative222,0.1647405053352785,0.4787322740324345,0.017662597820162773,0.2241273729332517,4.5284936756066544e-05,0.23366428237911774
negative223,0.18425022673902894,0.47783500683279223,0.022189809009432793,0.2241273729332517,0.00017665580286198263,0.24348027927016863
negative224,0.09631312876658617,0.4786124351467234,0.01629669778048992,0.2241273729332517,6.126516520556765e-05,0.16388400298369593
negative225,0.1229182124528609,0.4796293467270904,0.023683102801442146,0.2241273729332517,1.4102736605539534e-09,0.2215112693425583
negative226,0.0922475966494729,0.46216227157367806,0.03085717000067234,0.2241273729332517,3.92560729030348e-13,0.1921981007585298
negative227,0.9499819467439451,0.5436173483246325,0.9945791959762573,0.7033639143730887,1.0,0.9553007121817731
negative228,0.2276542985926072,0.4851589772636018,0.18634407222270966,0.2241273729332517,6.014956833086548e-08,0.3805880283540728
negative229,0.0875869156072153,0.4709389505048916,0.0298843365162611,0.2241273729332517,2.1523247297669192e-06,0.20908880770802032
negative230,0.19869233250698431,0.46118046341553437,0.7010114789009094,0.2241273729332517,0.2692219968515893,0.2054449106487648
negative231,0.1594159627740675,0.5251532719865016,0.040369149297475815,0.7402714932126697,0.004448143813197055,0.33862076173499234
negative232,0.0957132888935728,0.4573041377178837,0.015097822062671185,0.2241273729332517,0.0007396970594821046,0.19868539729838547
negative233,0.37440029358143934,0.45833652712797,0.18485645949840546,0.2241273729332517,3.464237707394088e-05,0.26459743336741787
negative234,0.8625858394047579,0.531515880704942,0.7784866094589233,0.7402714932126697,0.39825524794744865,0.7061865796229129
negative235,0.3288189229996856,0.4636534115584135,0.685760498046875,0.2241273729332517,0.9997218865742926,0.3762336081595156
negative236,0.05985988962042886,0.5143958525487624,0.009791556745767593,0.7402714932126697,1.3751574927252107e-11,0.16274122174279093
negative237,0.3164259097859652,0.46705555839935337,0.024577351287007332,0.2241273729332517,3.030064995324911e-07,0.208288865440125
negative238,0.9368408398327377,0.49404989960050877,0.9562569260597229,0.5575221238938053,0.9988245096738695,0.7275686960281648
negative239,0.23531895662024477,0.5353041913250736,0.02760268747806549,0.7402714932126697,0.0001292914640728579,0.3626391815822139
negative240,0.09080255550648995,0.46422553302276165,0.06057837978005409,0.2241273729332517,0.002906493303329631,0.15904515940449634
negative241,0.23005851647266182,0.4936289533358011,0.07576131075620651,0.3048780487804878,3.98614000811924e-06,0.3717164089816216
negative242,0.3457323357299504,0.46610432477134695,0.5504241585731506,0.2241273729332517,0.9964394844712907,0.2755609922007376
negative243,0.08110595694871747,0.46519581824971823,0.03507913649082184,0.2241273729332517,4.5848234126455815e-11,0.13381006691543787
negative244,0.7236689388044169,0.5048934947667466,0.6186292767524719,0.5574712643678161,0.880672279441389,0.6579467342073279
negative245,0.08019837895449902,0.4668773662969326,0.0140831982716918,0.2241273729332517,7.136654508705394e-36,0.11808794510986995
negative246,0.9369369680804417,0.4976456474102488,0.9785833358764648,0.9617224880382775,3.6705298672502964e-05,0.8431961925156655
negative247,0.11173566170693842,0.4803927543397424,0.020972751080989838,0.17813765182186234,1.089560039129282e-11,0.17027521624875666
negative248,0.12842050585829962,0.4660191208589259,0.020403139293193817,0.2241273729332517,3.4922794599782126e-08,0.15501158114917887
negative249,0.06045090069784581,0.47563980535108263,0.001171819749288261,0.2241273729332517,7.14767577216639e-07,0.07485189128908813
negative250,0.8592984821054546,0.5076686134496473,0.9441002011299133,0.7402714932126697,0.9868640464473782,0.8265918047232655
negative251,0.08146675325296843,0.48658048563176276,0.008542852476239204,0.09375,1.2428012238626705e-33,0.0795459295260339
negative252,0.9377409043511841,0.5048811722079947,0.9838983416557312,0.9617224880382775,0.9999999999995663,0.8729340785946095
positive1,0.9747675177372243,0.5457739978180494,0.9975599050521851,0.7402714932126697,0.999999361385279,0.9133353450638327
positive2,0.9010015094137269,0.5350335928667475,0.9817823767662048,0.7033639143730887,0.9999999959156782,0.836771089139268
positive3,0.8201341417033141,0.526190320002867,0.9609950184822083,0.7402714932126697,0.9999999999999589,0.7352388540714859
positive4,0.7437789986119339,0.51689551436701,0.7903141975402832,0.7402714932126697,0.9999724740152637,0.5900546696488582
positive5,0.8879120501795793,0.515447547787344,0.9806982278823853,0.7033639143730887,1.0,0.8571702649994519
positive6,0.6500628946242792,0.5080787905451125,0.9382683634757996,0.7033639143730887,0.9999999999436353,0.6952454119777582
positive7,0.7731450524530902,0.5083969807900464,0.9374927282333374,0.5574712643678161,0.9999999461680829,0.6596822676560024
positive8,0.810573861195704,0.4798873349217777,0.9486676454544067,0.2241273729332517,1.0,0.7475603013991212
positive9,0.9113600713557137,0.5095597854119038,0.9742223620414734,0.7402714932126697,0.9693301745538716,0.7771910609176702
positive10,0.9765897624704073,0.5435985701210057,0.9983239769935608,0.7402714932126697,0.9999995822729331,0.9638422462219927
positive11,0.8228740478163078,0.5054958341118413,0.9789340496063232,0.5574712643678161,0.0007950513502367393,0.6762949186970614
positive12,0.9145695486436491,0.5540183201691585,0.98990797996521,0.7402714932126697,1.0,0.9144638885572284
positive13,0.1288854893652963,0.48511163542063696,0.05681760609149933,0.17813765182186234,0.9994761996099425,0.3197829581878767
positive14,0.6978638257240516,0.4569636750600071,0.8837311267852783,0.2241273729332517,0.03033562887186679,0.4148600163941283
positive15,0.9546441900954564,0.5441499060677231,0.962952196598053,0.7402714932126697,0.9999997940480954,0.8860816060705317
positive16,0.9614158952481032,0.5037212826536295,0.9679855108261108,0.9617224880382775,0.9999999999999953,0.8997731818044661
positive17,0.8721367586528492,0.5135887383084694,0.9735603928565979,0.5574712643678161,0.9999999938415736,0.756885674646131
positive18,0.8859391496649373,0.5224414364457564,0.9496143460273743,0.7402714932126697,0.9999975563289664,0.8493674549175061
positive19,0.8565757881451894,0.5305297761025984,0.9780654311180115,0.7402714932126697,0.999996786893015,0.8583803265064508
positive20,0.13222938506868764,0.4731166623698907,0.007205301430076361,0.2241273729332517,4.3103619934703285e-10,0.14552442952100964
positive21,0.06402313111672678,0.46316747344315784,0.011092828586697578,0.2241273729332517,5.3496757986501254e-05,0.09343040134688528
positive22,0.874574974088472,0.5239604420333013,0.9840822219848633,0.7402714932126697,0.9999995650559845,0.8471192313868807
positive23,0.5214333670191295,0.45671803329778843,0.913771390914917,0.2241273729332517,0.09454034988034034,0.4102614355180025
positive24,0.8898763738328722,0.5318709350809153,0.9602816104888916,0.7402714932126697,0.9999935017011677,0.7847629526217672
positive25,0.9424108030677338,0.5064021427276064,0.9976133108139038,0.7033639143730887,1.0,0.9055510340507845
positive26,0.7627399848327675,0.5054958341118413,0.9020342230796814,0.5574712643678161,0.005255747248617247,0.6085414722857339
positive27,0.5709888208504078,0.525696086222198,0.7310351729393005,0.7402714932126697,0.9999999999999976,0.4790626396785154
positive28,0.816528113482082,0.5148332991448274,0.9881565570831299,0.7033639143730887,0.9999725988259827,0.796003366486315
positive29,0.9163583031630728,0.50853732473926,0.7556279897689819,0.7033639143730887,0.005194200183590341,0.6982320496850891
positive30,0.8940968529902307,0.5283374362495182,0.9673244953155518,0.7402714932126697,0.10922453926442267,0.7953393974472593
positive31,0.7625595382668746,0.531578735189659,0.9256334900856018,0.7402714932126697,0.2855507032998059,0.7925950245036764
positive32,0.5479405210836931,0.5034210944326243,0.652483344078064,0.7033639143730887,0.005263305945833032,0.5293416280206088
positive33,0.821846033725309,0.5201571495744663,0.9933683276176453,0.7033639143730887,0.9999999999999998,0.8580169994436574
positive34,0.9052657698423903,0.5108040990792863,0.9798874855041504,0.7033639143730887,1.0,0.8815891263421731
positive35,0.613907147182891,0.5064900172084525,0.7411065101623535,0.7402714932126697,0.9999983575701406,0.5577844990550596
positive36,0.9099354886871286,0.5127841380319174,0.974858283996582,0.5574712643678161,0.999999999934482,0.8264611349397716
positive37,0.6669199380959497,0.4566592360992885,0.8866593837738037,0.2241273729332517,0.18214212592415935,0.4128121334503417
positive38,0.3948149565624869,0.4665328029162284,0.29156672954559326,0.2241273729332517,0.9999999992421931,0.3935940500508975
positive39,0.8732262953595692,0.5071020940669855,0.9879510998725891,0.7402714932126697,0.9999999472972406,0.7996179082738949
positive40,0.7930808598537598,0.5053173707800869,0.9608467221260071,0.09375,0.022500447848554064,0.7453170204727858
positive41,0.7654900445722775,0.5034210944326243,0.8316022157669067,0.7033639143730887,0.9999999999656763,0.8245882358978125
positive42,0.7441361567808135,0.5079257281562112,0.8065076470375061,0.7033639143730887,0.0015229161042290317,0.7510352391794995
positive43,0.8776978524319092,0.4897740859222197,0.9812639951705933,0.5575221238938053,1.0,0.7860311612046735
positive44,0.8169236743014751,0.5211993427012245,0.9496626853942871,0.7402714932126697,1.0,0.8071876115910235
positive45,0.08776967606890192,0.45973744104172304,0.01310939621180296,0.2241273729332517,0.002355291921275967,0.13950770055286063
positive46,0.9622482427112594,0.5299839736329933,0.9964569211006165,0.7402714932126697,0.9999999999468774,0.9220063431764751
positive47,0.5137350841503655,0.45241807310551224,0.7953296899795532,0.2241273729332517,0.9766657515130552,0.37937402521686847
positive48,0.4305203401380208,0.46983431141034987,0.8530502915382385,0.2241273729332517,0.9852990973924382,0.31759806786364975
positive49,0.8591152538737,0.4967506012053877,0.9882615208625793,0.5575221238938053,1.0,0.8027940327688251
positive50,0.760534833550251,0.5244307127441773,0.9406733512878418,0.7402714932126697,0.9999999804549783,0.8201558883393999
positive51,0.8514703272792883,0.5283374362495182,0.9583000540733337,0.7402714932126697,0.999999891907846,0.7311502706468348
positive52,0.1770324051465056,0.46397895063468403,0.10167846083641052,0.2241273729332517,3.0187349204358986e-05,0.2918752631881048
positive53,0.6939568278579078,0.45826933822331467,0.9094222187995911,0.2241273729332517,0.9999935468199395,0.5805004138466078
positive54,0.6565894864825861,0.5056208780993363,0.6069600582122803,0.7033639143730887,0.016717339522865703,0.5208937782163439
positive55,0.9390333668555375,0.5333058681689797,0.9912273287773132,0.7033639143730887,0.9999903821928728,0.827813575506076
positive56,0.8686788890929044,0.48713814578260833,0.9722597002983093,0.3048780487804878,0.999999999988842,0.7298053984359867
positive57,0.8923504181134252,0.5229946313164696,0.9922584891319275,0.7402714932126697,1.0,0.8032445352729554
positive58,0.8133298156088776,0.5220034358126442,0.9408570528030396,0.7402714932126697,0.9999990970775864,0.8149336167040158
positive59,0.8476564349822081,0.5092305784691621,0.930777370929718,0.5574712643678161,0.9999999910457781,0.7540376631946963
positive60,0.7795065698816066,0.49904214306207634,0.9611567258834839,0.5574712643678161,0.9999999988610491,0.7675432269611678
positive61,0.8675733175267759,0.5296945668886452,0.7448603510856628,0.7033639143730887,0.9996440878680428,0.6995380529429451
positive62,0.7839103648615818,0.47813934113156736,0.8725139498710632,0.2241273729332517,0.9999996479755475,0.5814809268625911
positive63,0.8495266304620204,0.5345452205376927,0.9571620225906372,0.7402714932126697,0.09044971528987718,0.7707655194558211
positive64,0.9482113678844829,0.4857248639197875,0.9937374591827393,0.48314606741573035,1.0,0.8751983212307849
positive65,0.9674078634582033,0.5231449868273063,0.9856367111206055,0.5574712643678161,0.9999999999999996,0.9476707869291047
positive66,0.8659645571593866,0.5153828596657888,0.9709680080413818,0.7402714932126697,0.9999997882698177,0.714422818065319
positive67,0.8207887724868493,0.5107005270596068,0.7515713572502136,0.7033639143730887,0.9999918141694135,0.6524745017008228
positive68,0.905997229115132,0.4969908703385392,0.9822443127632141,0.9617224880382775,0.9999999232587063,0.8592987010448668
positive69,0.18591130250031349,0.46443059260249386,0.32307013869285583,0.2241273729332517,7.40162916570714e-06,0.2070467880801911
positive70,0.8595772403095563,0.5144367459264293,0.9447528719902039,0.7402714932126697,0.9999999955879522,0.8342982779365887
positive71,0.9278462290706124,0.5503439547814976,0.9920952916145325,0.7402714932126697,0.9999999610837249,0.9454746021020952
positive72,0.8220314295332681,0.5214468669864618,0.9640908241271973,0.09375,1.0,0.8188476973745208
positive73,0.845138868746492,0.5188385885524358,0.9690909385681152,0.2241273729332517,1.0,0.7394336322988795
positive74,0.13691104974166932,0.5086519640773677,0.05929968133568764,0.5574712643678161,1.0,0.3518749743602534
positive75,0.8737446268539355,0.49869173636970426,0.9661222100257874,0.5574712643678161,0.9941339321600428,0.665638818935276
positive76,0.6174029554362989,0.47259133812190013,0.9217385649681091,0.2241273729332517,0.5027864926286754,0.3752143649841743
positive77,0.9389052689311682,0.5410662992955763,0.9967043995857239,0.7402714932126697,0.9999999999999911,0.8918915000386994
positive78,0.7648789664721439,0.4775931533682391,0.9068519473075867,0.2241273729332517,1.0,0.6768699296247959
positive79,0.20090428073953082,0.4718880526392643,0.06615766137838364,0.2241273729332517,1.5213905269841442e-06,0.27583799860887614
positive80,0.9408853614423974,0.5412169488612385,0.9934048056602478,0.7402714932126697,0.9999998025756133,0.9386702073389128
positive81,0.9624849214052849,0.5328404592215178,0.9935405850410461,0.7402714932126697,1.0,0.9154038030586227
positive82,0.9092838857054253,0.5503769022642248,0.5422347784042358,0.7402714932126697,0.9999999999997105,0.8937014481102595
positive83,0.5561690416404036,0.46301441384368425,0.8951475024223328,0.2241273729332517,0.9981044750668685,0.46153674060990507
positive84,0.8690723757999735,0.5283669491124964,0.9573782086372375,0.7402714932126697,0.9999600497548858,0.7820629467161156
positive85,0.570358196889406,0.5034210944326243,0.7490397095680237,0.7033639143730887,3.965733053220981e-12,0.5886401720975872
positive86,0.8629023159813342,0.5202036500030492,0.9823910593986511,0.7033639143730887,0.9999997243769629,0.739534206689246
positive87,0.9179457045493993,0.5345238043927636,0.987498939037323,0.7402714932126697,0.9999999999999996,0.8625827442218336
positive88,0.8232059246508608,0.5128474939539353,0.5833509564399719,0.7033639143730887,1.0,0.8482402883387069
positive89,0.9599882095234835,0.5433568980770902,0.9748409986495972,0.7402714932126697,0.9999996827071643,0.9117684008751128
positive90,0.9395427919344833,0.5181662564665412,0.9430296421051025,0.7402714932126697,1.0,0.8315134209188759
positive91,0.8163162951923587,0.4876387966988653,0.9261829853057861,0.3048780487804878,4.5617053607444647e-08,0.5570999902489561
positive92,0.6460537226134089,0.4834863992982429,0.8858650922775269,0.17813765182186234,0.4319569218268017,0.47027616214903656
positive93,0.5292922427851404,0.4728609928088555,0.9180155992507935,0.2241273729332517,0.9999997136196354,0.4569207183250773
positive94,0.8797973686129741,0.5138683962553903,0.9789283275604248,0.7402714932126697,0.95895992533325,0.7572606636420061
positive95,0.07706064710427936,0.46874699000892517,0.06074170395731926,0.2241273729332517,2.5023666402291696e-08,0.19704179410735467
positive96,0.6264424849542809,0.4531800992085487,0.8813448548316956,0.2241273729332517,0.0022117411775642616,0.5114982118928547
positive97,0.8544795706514547,0.5090398898832409,0.9694520235061646,0.5574712643678161,0.9999999999993108,0.7992833823400962
positive98,0.5140316761324032,0.46636634085620055,0.9329414963722229,0.2241273729332517,0.9999999994931572,0.6561935341480188
positive99,0.10095782326111863,0.4935874216172054,0.006761944852769375,0.5574712643678161,8.305630956373508e-15,0.12395721037008692
positive100,0.680916739787077,0.5105610185124074,0.5299711227416992,0.5574712643678161,0.9999999999999976,0.5776363067275171
positive101,0.9447245783065278,0.549829344529304,0.9810481071472168,0.7402714932126697,1.0,0.9032083738366007
positive102,0.5096547170987149,0.5043187698379994,0.7101919651031494,0.7033639143730887,0.8155282784268784,0.6080704967598843
positive103,0.8582794086707065,0.5353504066559035,0.9615302085876465,0.7402714932126697,1.0,0.8472636471980107
positive104,0.7209876854028726,0.5099760040512692,0.2317846715450287,0.7402714932126697,0.00018235432217813313,0.5883068508855678
positive105,0.6012022492468857,0.5097359169806022,0.3368363678455353,0.7033639143730887,1.0,0.8199677080421581
positive106,0.905624095488649,0.5201249828047255,0.9756876230239868,0.7402714932126697,0.9999940593555553,0.8030644326300128
positive107,0.9692087986935347,0.5507547833881961,0.9924085140228271,0.7402714932126697,1.0,0.9208616269633166
positive108,0.8239817004956769,0.48349553263769995,0.9774117469787598,0.5574712643678161,0.10075663675864831,0.7028145988222595
positive109,0.06749198060179287,0.4935874216172054,0.004160684999078512,0.5574712643678161,3.958619779756313e-15,0.10428695945673848
positive110,0.8702214501762541,0.5167595428866611,0.9672654867172241,0.7033639143730887,0.9999999150354254,0.6378584767470034
positive111,0.7973458104554798,0.5050142019109115,0.9651356935501099,0.2241273729332517,0.9999999999905651,0.7003609265161012
positive112,0.8849776780844906,0.5158138917381978,0.9925231337547302,0.7033639143730887,1.0,0.8767893008850279
positive113,0.888569075667657,0.5249182160285505,0.9584088921546936,0.7402714932126697,0.9994351917637473,0.7611829122802214
positive114,0.9312908888984173,0.5179865213953552,0.9822178483009338,0.7402714932126697,0.9999999999880991,0.7749305432802183
positive115,0.7503311905553247,0.49441655314163135,0.8682987093925476,0.3048780487804878,0.13718703628784334,0.6317396610905817
positive116,0.7240137882416355,0.4860043279383627,0.9327787756919861,0.17813765182186234,0.9999968168925567,0.6090657762379726
positive117,0.877976262729255,0.5015325924563975,0.898010790348053,0.7402714932126697,0.9811113396562209,0.7334821840452839
positive118,0.23687264146406287,0.4740815938312996,0.52112877368927,0.2241273729332517,2.2066466148298855e-07,0.2812220291748013
positive119,0.6133861145627888,0.47029148354096,0.7239093780517578,0.2241273729332517,1.0,0.525774326010757
positive120,0.6939397714218795,0.5051376872647604,0.8109679818153381,0.7402714932126697,0.999837910388357,0.5195369234831207
positive121,0.9055290098804203,0.5339774068905827,0.9907235503196716,0.5574712643678161,1.0,0.8770089617048041
positive122,0.8850198066869251,0.5262307229999427,0.9771944880485535,0.7402714932126697,1.0,0.8791860055563161
positive123,0.9002586267114738,0.5383607734381342,0.9704800248146057,0.7033639143730887,0.9999999999999958,0.8756648534401127
positive124,0.8805397549563186,0.545401489407013,0.9873201847076416,0.7402714932126697,0.9999999999983213,0.8599406228742724
positive125,0.9444557176675675,0.5195506663057581,0.9928871989250183,0.5574712643678161,0.9999999999999025,0.8765153453907499
positive126,0.8327394890597607,0.5074198973643396,0.9706412553787231,0.5574712643678161,0.9999999999999853,0.7656695232575972
positive127,0.8792411976534149,0.5162551964378518,0.9681875109672546,0.7402714932126697,0.9999999995482907,0.8393855172570039
positive128,0.7791910463860614,0.49132420216872447,0.977441132068634,0.5575221238938053,0.9999999952691536,0.6528860467877105
positive129,0.5066745724727323,0.5255049367851187,0.4877088665962219,0.7402714932126697,0.9991731452625883,0.4941267751893957
positive130,0.7961169372662615,0.5193825834405792,0.9768490195274353,0.7402714932126697,0.01811418835491727,0.6826110790598777
positive131,0.9194203920604008,0.5256997711505397,0.9285898804664612,0.7402714932126697,0.9999837819935684,0.8128884316446678
positive132,0.9623429549923496,0.5333509758261363,0.9977636337280273,0.7402714932126697,1.0,0.8993749372879025
positive133,0.9152380087848239,0.5192425908826601,0.9773149490356445,0.7402714932126697,0.9999995576993905,0.8901087775614303
positive134,0.9023188607866557,0.5056208780993363,0.9899628758430481,0.7033639143730887,0.9999999994836974,0.8769441124924313
positive135,0.6346879572870083,0.49294809523292005,0.7633692026138306,0.7033639143730887,1.965968109885002e-14,0.6263623513324055
positive136,0.9097460571210108,0.515447547787344,0.9819921255111694,0.7033639143730887,1.0,0.8455768174468347
positive137,0.8353925299873203,0.4964214025017086,0.9469807147979736,0.3048780487804878,1.0,0.7622251140909748
positive138,0.969684264312811,0.5228751865071081,0.9802877902984619,0.7402714932126697,0.9999999847743954,0.91930899959069
positive139,0.7340831537732505,0.5099319762492546,0.9439600110054016,0.7033639143730887,1.0,0.796782200266214
positive140,0.9310470157981958,0.5392192460790494,0.9289663434028625,0.7033639143730887,1.0,0.87969090361285
positive141,0.920738577092689,0.5321705971373942,0.9813094735145569,0.7402714932126697,0.999985626055602,0.8090808614294571
positive142,0.7860823373263217,0.5130341409594058,0.9493622779846191,0.7402714932126697,1.0,0.7745162490132304
positive143,0.7293607738273776,0.5074292358230887,0.9661347270011902,0.7033639143730887,1.529832324596899e-05,0.6247131114575881
positive144,0.9241911479132687,0.5350335928667475,0.9889984726905823,0.7033639143730887,0.9999999999983811,0.8834116835739199
positive145,0.7654928486225687,0.5136259788567,0.9340656399726868,0.5574712643678161,0.9999999450354436,0.7211584407379449
positive146,0.25227933458829754,0.5101224428631178,0.07477439194917679,0.5574712643678161,0.9999999822319333,0.4115376295041629
positive147,0.5630697603558414,0.5066480130891119,0.12849080562591553,0.7033639143730887,2.991580458847123e-06,0.5494898840096677
positive148,0.7837012019876547,0.4928040039753419,0.9603002667427063,0.7402714932126697,0.9924320320687311,0.7824772709765773
positive149,0.9192190659285235,0.5116337509613954,0.9773464798927307,0.7033639143730887,8.71498828641131e-07,0.8054463426457258
positive150,0.9710079706154792,0.5670163419707084,0.9975507855415344,0.7402714932126697,1.0,0.9660624126575881
positive151,0.2574813144513834,0.5130462847087585,0.3902507722377777,0.5574712643678161,1.0,0.5024172565874007
positive152,0.1966372895714343,0.5052277110402545,0.6061916351318359,0.7033639143730887,0.9999996286373158,0.5726739333566836
positive153,0.6341799237981603,0.46505555729559866,0.9131242632865906,0.2241273729332517,0.8726938314143852,0.4743001281936796
positive154,0.8557797908368284,0.49609769261363584,0.973479688167572,0.3048780487804878,0.9999993098138075,0.7600754834711857
positive155,0.8582495510643363,0.5189607295026682,0.9191175103187561,0.7402714932126697,0.9998079526637058,0.7713730547986387
positive156,0.8711594039775354,0.5161447450730146,0.9411901831626892,0.5574712643678161,5.012552826473987e-06,0.739463023227482
positive157,0.5596423462981676,0.5341464443674495,0.7434427738189697,0.7402714932126697,0.9999999998495046,0.7545656346487509
positive158,0.8730064611573691,0.5132506631389719,0.849514365196228,0.7033639143730887,0.9999999999999847,0.7822435549304593
positive159,0.9522731475632615,0.5307004370824228,0.9915996789932251,0.7402714932126697,1.0,0.906579399726988
positive160,0.9662758324915558,0.5174025728957836,0.9766191840171814,0.7402714932126697,0.9999999602494092,0.8942375262445535
positive161,0.9093645985269593,0.515045745832404,0.9809725284576416,0.7033639143730887,1.0,0.8964460147869968
positive162,0.22091505842756312,0.47035890466673,0.162750706076622,0.2241273729332517,0.6335924812582164,0.43742429484847967
positive163,0.9482078936861927,0.5122526598595643,0.9936164617538452,0.9617224880382775,1.0,0.8880993656009153
positive164,0.9647705097851265,0.542119442385334,0.9926052093505859,0.7402714932126697,0.9999986625698837,0.9245983135177498
positive165,0.937106403883305,0.5433492750727994,0.9823367595672607,0.7402714932126697,1.0,0.89445633293808
positive166,0.41385388529427025,0.46874699000892517,0.8926872611045837,0.2241273729332517,0.9981657509428231,0.33357209207194655
positive167,0.9240995759699113,0.5210464655080101,0.9865109920501709,0.7402714932126697,0.9999999999999376,0.7921219419194202
positive168,0.7782079600745715,0.5082192253612605,0.4759337902069092,0.7033639143730887,0.99999999472747,0.5766468009497783
positive169,0.8607445453496315,0.5124822941567917,0.9761515259742737,0.7033639143730887,0.9999999999999987,0.8280661398870228
positive170,0.9270954675557506,0.5061471254711258,0.969474732875824,0.7033639143730887,0.9999999999999989,0.8483864423212348
positive171,0.8777909449500245,0.5429143839541557,0.9888555407524109,0.7402714932126697,0.9999999752779827,0.8801784769233699
positive172,0.6119851163911479,0.4696525646564262,0.9276390075683594,0.2241273729332517,0.8931813119663148,0.5238288095108463
positive173,0.526509667749009,0.4955849568597965,0.41507279872894287,0.48314606741573035,0.024736159377532724,0.44507847701541425
