,feature name,rank
864,DDE_MQ,1
789,DDE_HW,1
773,DDE_HD,1
2141,CKSAAP_GY.gap1,1
834,DDE_LE,1
932,DDE_RC,1
1036,DDE_YG,1
897,DDE_PH,1
890,DDE_NY,1
906,DDE_PS,2
2769,CKSAAP_QD.gap3,3
139,CKSAAGP_negativecharger.uncharger.gap4,4
384,CTDD_secondarystruct.3.residue0,5
422,CTDT_hydrophobicity_FASG890101.Tr1221,6
94,CKSAAGP_uncharger.uncharger.gap2,7
2194,CKSAAP_LR.gap1,8
425,CTDT_normwaalsvolume.Tr1221,9
3339,OVP_Negative_N1,10
2983,QSO3_SC_V,11
964,DDE_SQ,12
379,CTDD_secondarystruct.2.residue0,12
3050,ABHPRK__38,14
3342,OVP_Hydrophobic_N1,15
839,DDE_LK,16
818,DDE_KI,17
3223,Z3__11,18
993,DDE_VD,18
3206,MSW__27,20
232,CTDD_hydrophobicity_ARGP820101.2.residue75,21
374,CTDD_secondarystruct.1.residue0,22
2888,DDR_Q,23
284,CTDD_hydrophobicity_ENGD860101.1.residue0,24
919,DDE_QK,24
3334,OVPC_Tiny,26
2128,CKSAAP_GE.gap1,27
3288,Z5__46,28
3028,ABHPRK__13,29
3319,formula_H,29
960,DDE_SL,31
756,DDE_GG,31
2965,QSO3_SC_R,33
335,CTDD_polarity.2.residue25,34
2974,QSO3_SC_L,35
257,CTDD_hydrophobicity_PONP930101.1.residue75,36
3010,Calculate_charge,37
489,CTriad_g2.g2.g5,38
840,DDE_LL,39
529,CTriad_g3.g3.g3,40
3355,OVP_Charged_N2,41
3251,Z5__9,42
339,CTDD_polarity.3.residue0,43
2817,CKSAAP_TG.gap3,43
3275,Z5__33,45
380,CTDD_secondarystruct.2.residue25,46
853,DDE_MD,47
711,DDE_EA,48
759,DDE_GK,49
3273,Z5__31,50
3289,Z5__47,51
3185,MSW__6,52
2731,CKSAAP_LS.gap3,52
2861,PAAC_Xc1.R,54
938,DDE_RI,55
2400,CKSAAP_GH.gap2,56
19,AAC_V,57
308,CTDD_hydrophobicity_FASG890101.2.residue100,58
3228,Z3__16,59
2880,PAAC_Xc2.lambda1,60
3233,Z3__21,61
3004,QSO3_SC3,62
3188,MSW__9,63
3174,Ez__29,64
3305,Z5__63,65
368,CTDD_charge.2.residue100,66
3236,Z3__24,67
175,CTDC_hydrophobicity_ARGP820101.G3,68
836,DDE_LG,69
3202,MSW__23,70
1709,APAAC_Pc2.Hydrophilicity.3,70
1749,Moran_BIGC670101.lag1,72
3199,MSW__20,73
299,CTDD_hydrophobicity_FASG890101.1.residue0,74
271,CTDD_hydrophobicity_CASG920101.1.residue50,75
336,CTDD_polarity.2.residue50,76
3009,Calculate_mw,77
3186,MSW__7,78
3047,ABHPRK__34,79
2980,QSO3_SC_T,80
367,CTDD_charge.2.residue75,81
1731,Geary_DAYM780201.lag1,82
3267,Z5__25,82
410,CTDT_hydrophobicity_ZIMJ680101.Tr1221,84
3298,Z5__56,85
381,CTDD_secondarystruct.2.residue50,86
3234,Z3__22,87
3177,Gravy,88
3209,MSW__30,89
3325,Hopp_woods,90
267,CTDD_hydrophobicity_PONP930101.3.residue75,91
3286,Z5__44,92
2223,CKSAAP_PK.gap1,93
3088,ABHPRK__80,94
3224,Z3__12,95
3119,Cougar__4,96
288,CTDD_hydrophobicity_ENGD860101.1.residue100,96
189,CTDC_hydrophobicity_FASG890101.G2,98
3284,Z5__42,99
1729,Geary_CHAM810101.lag2,100
3214,Z3__2,101
300,CTDD_hydrophobicity_FASG890101.1.residue25,101
383,CTDD_secondarystruct.2.residue100,103
1460,GTPC_uncharger.aromatic.uncharger,104
3222,Z3__10,105
3191,MSW__12,106
3017,AASI,107
3151,Ez__6,108
191,CTDC_normwaalsvolume.G1,109
195,CTDC_polarity.G2,110
3307,Z5__65,110
2870,PAAC_Xc1.L,112
3262,Z5__20,113
1721,Geary_CHAM820102.lag3,114
3179,MSS,115
310,CTDD_hydrophobicity_FASG890101.3.residue25,116
411,CTDT_hydrophobicity_ZIMJ680101.Tr1331,117
3266,Z5__24,118
291,CTDD_hydrophobicity_ENGD860101.2.residue50,119
934,DDE_RE,120
3317,Z5__75,121
3173,Ez__28,122
1742,Moran_CHAM820101.lag3,123
387,CTDD_secondarystruct.3.residue75,124
424,CTDT_hydrophobicity_FASG890101.Tr2332,125
382,CTDD_secondarystruct.2.residue75,126
3310,Z5__68,127
1767,NMBroto_CHAM820102.lag1,128
3241,Z3__29,129
3270,Z5__28,129
3313,Z5__71,131
3029,ABHPRK__14,132
3141,Cougar__26,132
2421,CKSAAP_ID.gap2,135
3212,TM_tend,135
1730,Geary_CHAM810101.lag3,135
1687,APAAC_Pc1.D,137
67,CKSAAGP_uncharger.postivecharger.gap1,138
3221,Z3__9,139
3281,Z5__39,141
369,CTDD_charge.3.residue0,141
3316,Z5__74,141
1754,Moran_CHAM810101.lag3,143
2973,QSO3_SC_I,144
3208,MSW__29,145
3309,Z5__67,146
3219,Z3__7,146
203,CTDC_secondarystruct.G1,148
3259,Z5__17,149
1736,Moran_CIDH920105.lag3,150
3303,Z5__61,151
1781,NMBroto_DAYM780201.lag3,152
3265,Z5__23,153
3283,Z5__41,154
3162,Ez__17,154
252,CTDD_hydrophobicity_ZIMJ680101.3.residue75,156
3268,Z5__26,157
3131,Cougar__16,158
2964,QSO3_SC_A,159
3232,Z3__20,159
1715,Geary_BHAR880101.lag3,161
3210,Polarity,161
3229,Z3__17,163
248,CTDD_hydrophobicity_ZIMJ680101.2.residue100,164
1761,NMBroto_BHAR880101.lag1,165
3140,Cougar__25,166
41,CKSAAGP_uncharger.aromatic.gap0,166
880,DDE_NL,168
3324,Eisenberg,169
46,CKSAAGP_alphaticr.aromatic.gap1,170
3285,Z5__43,170
174,CTDC_hydrophobicity_ARGP820101.G2,172
402,CTDD_solventaccess.3.residue75,173
3118,Cougar__3,173
388,CTDD_secondarystruct.3.residue100,175
2889,DDR_E,176
1719,Geary_CHAM820102.lag1,176
888,DDE_NV,178
3182,MSW__3,178
364,CTDD_charge.2.residue0,180
24,CKSAAGP_alphaticr.uncharger.gap0,181
1728,Geary_CHAM810101.lag1,182
1762,NMBroto_BHAR880101.lag2,183
3238,Z3__26,184
1720,Geary_CHAM820102.lag2,184
390,CTDD_solventaccess.1.residue25,186
3120,Cougar__5,186
45,CKSAAGP_alphaticr.alphaticr.gap1,188
121,CKSAAGP_alphaticr.aromatic.gap4,189
3227,Z3__15,190
1697,APAAC_Pc1.F,190
1722,Geary_CHOC760101.lag1,192
176,CTDC_hydrophobicity_ZIMJ680101.G1,193
1716,Geary_CHAM820101.lag1,194
3326,Janin,194
1723,Geary_CHOC760101.lag2,196
3290,Z5__48,197
3189,MSW__10,198
3306,Z5__64,199
3300,Z5__58,200
35,CKSAAGP_negativecharger.alphaticr.gap0,200
2860,PAAC_Xc1.A,202
1779,NMBroto_DAYM780201.lag1,203
2264,CKSAAP_RT.gap1,203
1739,Moran_BHAR880101.lag3,205
2882,PAAC_Xc2.lambda3,206
2862,PAAC_Xc1.N,206
417,CTDT_hydrophobicity_CASG920101.Tr1331,208
178,CTDC_hydrophobicity_ZIMJ680101.G3,209
3252,Z5__10,210
1692,APAAC_Pc1.H,210
99,CKSAAGP_alphaticr.uncharger.gap3,212
2884,DDR_R,213
231,CTDD_hydrophobicity_ARGP820101.2.residue50,214
236,CTDD_hydrophobicity_ARGP820101.3.residue50,216
933,DDE_RD,216
3296,Z5__54,216
1773,NMBroto_BIGC670101.lag1,218
304,CTDD_hydrophobicity_FASG890101.2.residue0,219
141,CKSAAGP_uncharger.aromatic.gap4,220
3181,MSW__2,221
3123,Cougar__8,222
3196,MSW__17,223
3207,MSW__28,224
3346,OVP_Small_N1,225
3294,Z5__52,226
3157,Ez__12,226
254,CTDD_hydrophobicity_PONP930101.1.residue0,228
3205,MSW__26,228
3314,Z5__72,230
3231,Z3__19,231
796,DDE_IG,231
3172,Ez__27,233
1780,NMBroto_DAYM780201.lag2,234
3318,formula_C,234
3012,Isoelectric_point,236
419,CTDT_hydrophobicity_ENGD860101.Tr1221,236
78,CKSAAGP_aromatic.negativecharger.gap2,238
3142,Cougar__27,238
48,CKSAAGP_alphaticr.negativecharger.gap1,240
3176,Flexibility,241
3249,Z5__7,243
415,CTDT_hydrophobicity_PONP930101.Tr2332,243
988,DDE_TV,243
3197,MSW__18,245
1745,Moran_CHAM820102.lag3,246
44,CKSAAGP_uncharger.uncharger.gap0,247
214,CTDD_hydrophobicity_PRAM900101.2.residue0,247
3295,Z5__53,249
361,CTDD_charge.1.residue50,250
3312,Z5__70,251
3099,ABHPRK__92,252
3011,Charge_density,253
226,CTDD_hydrophobicity_ARGP820101.1.residue50,253
322,CTDD_normwaalsvolume.2.residue75,255
1758,NMBroto_CIDH920105.lag1,256
3193,MSW__14,256
3302,Z5__60,258
3137,Cougar__22,259
3055,ABHPRK__43,260
3213,Z3__1,260
204,CTDC_secondarystruct.G2,262
1752,Moran_CHAM810101.lag1,262
269,CTDD_hydrophobicity_CASG920101.1.residue0,265
1743,Moran_CHAM820102.lag1,265
3071,ABHPRK__62,265
313,CTDD_hydrophobicity_FASG890101.3.residue100,267
1379,GTPC_alphaticr.uncharger.alphaticr,267
2897,DDR_P,269
851,DDE_MA,270
1777,NMBroto_CHAM810101.lag2,271
1732,Geary_DAYM780201.lag2,272
120,CKSAAGP_alphaticr.alphaticr.gap4,273
2896,DDR_F,273
3217,Z3__5,275
3161,Ez__16,276
3277,Z5__35,277
3297,Z5__55,277
3220,Z3__8,279
117,CKSAAGP_uncharger.postivecharger.gap3,280
1727,Geary_BIGC670101.lag3,281
3084,ABHPRK__76,282
3304,Z5__62,282
3248,Z5__6,284
734,DDE_FE,285
246,CTDD_hydrophobicity_ZIMJ680101.2.residue50,285
3074,ABHPRK__65,287
1738,Moran_BHAR880101.lag2,288
3098,ABHPRK__91,290
306,CTDD_hydrophobicity_FASG890101.2.residue50,290
3156,Ez__11,290
2883,DDR_A,292
3002,QSO3_SC1,292
320,CTDD_normwaalsvolume.2.residue25,295
3187,MSW__8,295
3320,formula_N,295
409,CTDT_hydrophobicity_ARGP820101.Tr2332,297
408,CTDT_hydrophobicity_ARGP820101.Tr1331,297
344,CTDD_polarizability.1.residue0,299
278,CTDD_hydrophobicity_CASG920101.2.residue100,300
1360,GTPC_alphaticr.alphaticr.aromatic,301
3282,Z5__40,302
3279,Z5__37,303
1759,NMBroto_CIDH920105.lag2,304
3301,Z5__59,305
343,CTDD_polarity.3.residue100,306
3072,ABHPRK__63,306
3066,ABHPRK__56,308
403,CTDD_solventaccess.3.residue100,309
1768,NMBroto_CHAM820102.lag2,310
1774,NMBroto_BIGC670101.lag2,311
3225,Z3__13,312
3254,Z5__12,313
2068,CKSAAP_AL.gap1,314
3184,MSW__5,316
3230,Z3__18,316
1775,NMBroto_BIGC670101.lag3,316
1740,Moran_CHAM820101.lag1,319
405,CTDT_hydrophobicity_PRAM900101.Tr1331,319
3147,Ez__2,319
414,CTDT_hydrophobicity_PONP930101.Tr1331,319
412,CTDT_hydrophobicity_ZIMJ680101.Tr2332,322
1711,Geary_CIDH920105.lag2,323
1710,Geary_CIDH920105.lag1,324
813,DDE_KD,325
375,CTDD_secondarystruct.1.residue25,326
3113,Bulkiness,328
1744,Moran_CHAM820102.lag2,328
1753,Moran_CHAM810101.lag2,328
3178,Levitt_alpha,330
2886,DDR_D,331
3165,Ez__20,331
2879,PAAC_Xc1.V,333
3171,Ez__26,333
1755,Moran_DAYM780201.lag1,335
1778,NMBroto_CHAM810101.lag3,335
3239,Z3__27,337
351,CTDD_polarizability.2.residue50,337
3255,Z5__13,339
341,CTDD_polarity.3.residue50,340
3299,Z5__57,340
327,CTDD_normwaalsvolume.3.residue75,342
1706,APAAC_Pc2.Hydrophobicity.2,342
188,CTDC_hydrophobicity_FASG890101.G1,344
2967,QSO3_SC_D,345
234,CTDD_hydrophobicity_ARGP820101.3.residue0,346
3258,Z5__16,347
1724,Geary_CHOC760101.lag3,348
2863,PAAC_Xc1.D,349
1748,Moran_CHOC760101.lag3,350
1702,APAAC_Pc1.Y,351
376,CTDD_secondarystruct.1.residue50,353
3127,Cougar__12,353
3211,Refractivity,353
846,DDE_LS,355
821,DDE_KM,355
196,CTDC_polarity.G3,358
1737,Moran_BHAR880101.lag1,358
3253,Z5__11,358
340,CTDD_polarity.3.residue25,360
242,CTDD_hydrophobicity_ZIMJ680101.1.residue75,361
3163,Ez__18,362
301,CTDD_hydrophobicity_FASG890101.1.residue50,362
391,CTDD_solventaccess.1.residue50,364
1765,NMBroto_CHAM820101.lag2,366
337,CTDD_polarity.2.residue75,366
3190,MSW__11,366
211,CTDD_hydrophobicity_PRAM900101.1.residue50,368
1757,Moran_DAYM780201.lag3,369
431,CTDT_polarizability.Tr1221,370
49,CKSAAGP_alphaticr.uncharger.gap1,370
3129,Cougar__14,372
256,CTDD_hydrophobicity_PONP930101.1.residue50,373
3271,Z5__29,374
426,CTDT_normwaalsvolume.Tr1331,375
3160,Ez__15,376
738,DDE_FI,377
209,CTDD_hydrophobicity_PRAM900101.1.residue0,378
274,CTDD_hydrophobicity_CASG920101.2.residue0,379
1756,Moran_DAYM780201.lag2,380
2,AAC_N,380
3237,Z3__25,382
3117,Cougar__2,383
3130,Cougar__15,384
3278,Z5__36,386
272,CTDD_hydrophobicity_CASG920101.1.residue75,386
1769,NMBroto_CHAM820102.lag3,386
2876,PAAC_Xc1.T,386
3280,Z5__38,389
1699,APAAC_Pc1.S,389
342,CTDD_polarity.3.residue75,391
3356,OVP_Small_N2,392
2867,PAAC_Xc1.G,392
407,CTDT_hydrophobicity_ARGP820101.Tr1221,394
3276,Z5__34,395
277,CTDD_hydrophobicity_CASG920101.2.residue75,395
228,CTDD_hydrophobicity_ARGP820101.1.residue100,397
2890,DDR_G,399
3112,Argos,399
3148,Ez__3,399
3114,Charge_phys,401
3146,Ez__1,402
279,CTDD_hydrophobicity_CASG920101.3.residue0,402
1763,NMBroto_BHAR880101.lag3,404
270,CTDD_hydrophobicity_CASG920101.1.residue25,404
429,CTDT_polarity.Tr1331,406
3261,Z5__19,406
317,CTDD_normwaalsvolume.1.residue75,408
3086,ABHPRK__78,408
722,DDE_EN,410
404,CTDT_hydrophobicity_PRAM900101.Tr1221,411
420,CTDT_hydrophobicity_ENGD860101.Tr1331,412
1707,APAAC_Pc2.Hydrophilicity.2,413
3195,MSW__16,414
3078,ABHPRK__69,414
1717,Geary_CHAM820101.lag2,416
3126,Cougar__11,418
1694,APAAC_Pc1.L,418
3180,MSW__1,418
2966,QSO3_SC_N,420
3287,Z5__45,421
316,CTDD_normwaalsvolume.1.residue50,422
1714,Geary_BHAR880101.lag2,423
1686,APAAC_Pc1.N,423
268,CTDD_hydrophobicity_PONP930101.3.residue100,425
3122,Cougar__7,425
1708,APAAC_Pc2.Hydrophobicity.3,427
3243,Z5__1,428
3247,Z5__5,429
3003,QSO3_SC2,430
281,CTDD_hydrophobicity_CASG920101.3.residue50,431
3311,Z5__69,433
3200,MSW__21,433
3169,Ez__24,433
2968,QSO3_SC_C,433
1746,Moran_CHOC760101.lag1,436
262,CTDD_hydrophobicity_PONP930101.2.residue75,437
3150,Ez__5,437
1770,NMBroto_CHOC760101.lag1,439
10,AAC_L,440
3143,Cougar__28,440
297,CTDD_hydrophobicity_ENGD860101.3.residue75,442
966,DDE_SS,442
3216,Z3__4,444
1725,Geary_BIGC670101.lag1,445
239,CTDD_hydrophobicity_ZIMJ680101.1.residue0,446
187,CTDC_hydrophobicity_ENGD860101.G3,447
1776,NMBroto_CHAM810101.lag1,447
3115,Charge_acid,449
2902,DDR_V,449
275,CTDD_hydrophobicity_CASG920101.2.residue25,451
3242,Z3__30,452
326,CTDD_normwaalsvolume.3.residue50,452
3073,ABHPRK__64,454
261,CTDD_hydrophobicity_PONP930101.2.residue50,454
3203,MSW__24,456
227,CTDD_hydrophobicity_ARGP820101.1.residue75,457
303,CTDD_hydrophobicity_FASG890101.1.residue100,457
366,CTDD_charge.2.residue50,459
1734,Moran_CIDH920105.lag1,460
3136,Cougar__21,461
2881,PAAC_Xc2.lambda2,462
3144,Cougar__29,463
2885,DDR_N,464
3027,ABHPRK__12,466
1703,APAAC_Pc1.V,466
2969,QSO3_SC_Q,466
3049,ABHPRK__37,466
3013,Instability_index,469
265,CTDD_hydrophobicity_PONP930101.3.residue25,470
192,CTDC_normwaalsvolume.G2,471
3336,OVPC_Small,471
3135,Cougar__20,473
1751,Moran_BIGC670101.lag3,473
1733,Geary_DAYM780201.lag3,475
1691,APAAC_Pc1.G,476
416,CTDT_hydrophobicity_CASG920101.Tr1221,477
1764,NMBroto_CHAM820101.lag1,478
3291,Z5__49,479
1747,Moran_CHOC760101.lag2,479
3201,MSW__22,481
283,CTDD_hydrophobicity_CASG920101.3.residue100,482
440,CTDT_solventaccess.Tr1221,482
362,CTDD_charge.1.residue75,484
3308,Z5__66,484
3269,Z5__27,487
3293,Z5__51,487
1333,GAAC_uncharge,487
328,CTDD_normwaalsvolume.3.residue100,489
237,CTDD_hydrophobicity_ARGP820101.3.residue75,490
3264,Z5__22,490
1471,GTPC_uncharger.uncharger.alphaticr,492
3321,formula_O,493
3250,Z5__8,494
1329,GAAC_alphatic,495
244,CTDD_hydrophobicity_ZIMJ680101.2.residue0,495
1713,Geary_BHAR880101.lag1,497
1771,NMBroto_CHOC760101.lag2,497
3170,Ez__25,499
296,CTDD_hydrophobicity_ENGD860101.3.residue50,500
1718,Geary_CHAM820101.lag3,501
95,CKSAAGP_alphaticr.alphaticr.gap3,501
1363,GTPC_alphaticr.alphaticr.uncharger,503
400,CTDD_solventaccess.3.residue25,504
363,CTDD_charge.1.residue100,505
285,CTDD_hydrophobicity_ENGD860101.1.residue25,506
2892,DDR_I,507
3335,OVPC_Charged,509
3085,ABHPRK__77,509
3272,Z5__30,509
406,CTDT_hydrophobicity_PRAM900101.Tr2332,511
3257,Z5__15,512
286,CTDD_hydrophobicity_ENGD860101.1.residue50,513
3125,Cougar__10,514
3240,Z3__28,514
3032,ABHPRK__17,516
23,CKSAAGP_alphaticr.negativecharger.gap0,517
233,CTDD_hydrophobicity_ARGP820101.2.residue100,518
2875,PAAC_Xc1.S,519
3204,MSW__25,520
3145,Cougar__30,521
205,CTDC_secondarystruct.G3,522
372,CTDD_charge.3.residue75,523
3075,ABHPRK__66,523
3166,Ez__21,525
3183,MSW__4,526
3218,Z3__6,527
3226,Z3__14,527
439,CTDT_secondarystruct.Tr2332,529
183,CTDC_hydrophobicity_CASG920101.G2,530
266,CTDD_hydrophobicity_PONP930101.3.residue50,531
3116,Cougar__1,532
825,DDE_KR,533
282,CTDD_hydrophobicity_CASG920101.3.residue75,534
386,CTDD_secondarystruct.3.residue50,535
1726,Geary_BIGC670101.lag2,536
3090,ABHPRK__82,537
249,CTDD_hydrophobicity_ZIMJ680101.3.residue0,539
212,CTDD_hydrophobicity_PRAM900101.1.residue75,539
84,CKSAAGP_postivecharger.uncharger.gap2,539
3246,Z5__4,539
3292,Z5__50,542
3025,ABHPRK__9,543
3192,MSW__13,543
3132,Cougar__17,545
3235,Z3__23,546
293,CTDD_hydrophobicity_ENGD860101.2.residue100,547
710,DDE_DY,548
145,CKSAAGP_alphaticr.alphaticr.gap5,549
289,CTDD_hydrophobicity_ENGD860101.2.residue0,550
3260,Z5__18,551
1684,APAAC_Pc1.A,552
1760,NMBroto_CIDH920105.lag3,553
3327,Kytedoolittle,553
413,CTDT_hydrophobicity_PONP930101.Tr1221,555
350,CTDD_polarizability.2.residue25,555
1705,APAAC_Pc2.Hydrophilicity.1,557
143,CKSAAGP_uncharger.negativecharger.gap4,558
3168,Ez__23,559
2898,DDR_S,560
3194,MSW__15,560
71,CKSAAGP_alphaticr.aromatic.gap2,562
3215,Z3__3,563
1735,Moran_CIDH920105.lag2,564
3121,Cougar__6,565
245,CTDD_hydrophobicity_ZIMJ680101.2.residue25,566
3016,Hydrophobic,567
259,CTDD_hydrophobicity_PONP930101.2.residue0,568
3159,Ez__14,569
3198,MSW__19,570
958,DDE_SI,570
401,CTDD_solventaccess.3.residue50,572
312,CTDD_hydrophobicity_FASG890101.3.residue75,573
140,CKSAAGP_uncharger.alphaticr.gap4,574
173,CTDC_hydrophobicity_ARGP820101.G1,574
198,CTDC_polarizability.G2,576
365,CTDD_charge.2.residue25,577
235,CTDD_hydrophobicity_ARGP820101.3.residue25,578
219,CTDD_hydrophobicity_PRAM900101.3.residue0,579
302,CTDD_hydrophobicity_FASG890101.1.residue75,579
1766,NMBroto_CHAM820101.lag3,582
442,CTDT_solventaccess.Tr2332,582
223,CTDD_hydrophobicity_PRAM900101.3.residue100,582
3034,ABHPRK__19,584
186,CTDC_hydrophobicity_ENGD860101.G2,585
2963,Shannon-Entropy,585
418,CTDT_hydrophobicity_CASG920101.Tr2332,587
70,CKSAAGP_alphaticr.alphaticr.gap2,588
230,CTDD_hydrophobicity_ARGP820101.2.residue25,589
427,CTDT_normwaalsvolume.Tr2332,589
359,CTDD_charge.1.residue0,591
181,CTDC_hydrophobicity_PONP930101.G3,592
3256,Z5__14,593
20,CKSAAGP_alphaticr.alphaticr.gap0,594
2979,QSO3_SC_S,595
3372,OVP_Hydrophobic_N4,596
3274,Z5__32,597
347,CTDD_polarizability.1.residue75,598
72,CKSAAGP_alphaticr.postivecharger.gap2,598
3245,Z5__3,600
3164,Ez__19,601
321,CTDD_normwaalsvolume.2.residue50,602
208,CTDC_solventaccess.G3,602
309,CTDD_hydrophobicity_FASG890101.3.residue0,604
100,CKSAAGP_aromatic.alphaticr.gap3,604
1704,APAAC_Pc2.Hydrophobicity.1,606
197,CTDC_polarizability.G1,606
215,CTDD_hydrophobicity_PRAM900101.2.residue25,608
441,CTDT_solventaccess.Tr1331,609
438,CTDT_secondarystruct.Tr1331,609
287,CTDD_hydrophobicity_ENGD860101.1.residue75,611
210,CTDD_hydrophobicity_PRAM900101.1.residue25,612
2971,QSO3_SC_G,613
179,CTDC_hydrophobicity_PONP930101.G1,614
241,CTDD_hydrophobicity_ZIMJ680101.1.residue50,615
318,CTDD_normwaalsvolume.1.residue100,616
3155,Ez__10,617
1689,APAAC_Pc1.Q,618
93,CKSAAGP_uncharger.negativecharger.gap2,619
3315,Z5__73,620
3087,ABHPRK__79,621
528,CTriad_g3.g3.g2,622
1690,APAAC_Pc1.E,623
389,CTDD_solventaccess.1.residue0,623
421,CTDT_hydrophobicity_ENGD860101.Tr2332,625
104,CKSAAGP_aromatic.uncharger.gap3,625
1698,APAAC_Pc1.P,627
2972,QSO3_SC_H,628
2893,DDR_L,628
3128,Cougar__13,630
224,CTDD_hydrophobicity_ARGP820101.1.residue0,631
213,CTDD_hydrophobicity_PRAM900101.1.residue100,631
47,CKSAAGP_alphaticr.postivecharger.gap1,633
346,CTDD_polarizability.1.residue50,633
115,CKSAAGP_uncharger.alphaticr.gap3,635
827,DDE_KT,635
3035,ABHPRK__20,637
184,CTDC_hydrophobicity_CASG920101.G3,638
160,CKSAAGP_negativecharger.alphaticr.gap5,639
2865,PAAC_Xc1.Q,640
2894,DDR_K,641
2977,QSO3_SC_F,642
3124,Cougar__9,643
399,CTDD_solventaccess.3.residue0,643
423,CTDT_hydrophobicity_FASG890101.Tr1331,645
3152,Ez__7,646
122,CKSAAGP_alphaticr.postivecharger.gap4,647
3158,Ez__13,648
1693,APAAC_Pc1.I,649
200,CTDC_charge.G1,649
221,CTDD_hydrophobicity_PRAM900101.3.residue50,651
34,CKSAAGP_postivecharger.uncharger.gap0,652
1772,NMBroto_CHOC760101.lag3,653
54,CKSAAGP_aromatic.uncharger.gap1,654
3067,ABHPRK__57,655
434,CTDT_charge.Tr1221,656
2869,PAAC_Xc1.I,657
2970,QSO3_SC_E,658
967,DDE_ST,659
338,CTDD_polarity.2.residue100,660
3069,ABHPRK__59,661
5,AAC_Q,662
3167,Ez__22,663
255,CTDD_hydrophobicity_PONP930101.1.residue25,664
3149,Ez__4,664
307,CTDD_hydrophobicity_FASG890101.2.residue75,666
119,CKSAAGP_uncharger.uncharger.gap3,667
2866,PAAC_Xc1.E,668
437,CTDT_secondarystruct.Tr1221,670
1695,APAAC_Pc1.K,670
315,CTDD_normwaalsvolume.1.residue25,670
193,CTDC_normwaalsvolume.G3,672
2899,DDR_T,672
3056,ABHPRK__44,674
3263,Z5__21,675
85,CKSAAGP_negativecharger.alphaticr.gap2,676
185,CTDC_hydrophobicity_ENGD860101.G1,677
385,CTDD_secondarystruct.3.residue25,677
42,CKSAAGP_uncharger.postivecharger.gap0,679
87,CKSAAGP_negativecharger.postivecharger.gap2,680
2871,PAAC_Xc1.K,681
22,CKSAAGP_alphaticr.postivecharger.gap0,681
1741,Moran_CHAM820101.lag2,683
1712,Geary_CIDH920105.lag3,684
3134,Cougar__19,685
1750,Moran_BIGC670101.lag2,686
373,CTDD_charge.3.residue100,687
1685,APAAC_Pc1.R,688
149,CKSAAGP_alphaticr.uncharger.gap5,688
25,CKSAAGP_aromatic.alphaticr.gap0,690
436,CTDT_charge.Tr2332,691
110,CKSAAGP_negativecharger.alphaticr.gap3,692
98,CKSAAGP_alphaticr.negativecharger.gap3,693
3015,Aliphatic_Index,694
1040,DDE_YL,694
59,CKSAAGP_postivecharger.uncharger.gap1,696
353,CTDD_polarizability.2.residue100,697
305,CTDD_hydrophobicity_FASG890101.2.residue25,698
225,CTDD_hydrophobicity_ARGP820101.1.residue25,699
348,CTDD_polarizability.1.residue100,700
314,CTDD_normwaalsvolume.1.residue0,702
201,CTDC_charge.G2,702
154,CKSAAGP_aromatic.uncharger.gap5,702
3133,Cougar__18,704
169,CKSAAGP_uncharger.uncharger.gap5,705
55,CKSAAGP_postivecharger.alphaticr.gap1,706
1700,APAAC_Pc1.T,707
264,CTDD_hydrophobicity_PONP930101.3.residue0,708
15,AAC_S,708
216,CTDD_hydrophobicity_PRAM900101.2.residue50,710
260,CTDD_hydrophobicity_PONP930101.2.residue25,711
3352,OVP_Hydrophobic_N2,712
3139,Cougar__24,712
432,CTDT_polarizability.Tr1331,714
3068,ABHPRK__58,715
392,CTDD_solventaccess.1.residue75,716
996,DDE_VG,717
80,CKSAAGP_postivecharger.alphaticr.gap2,718
430,CTDT_polarity.Tr2332,719
276,CTDD_hydrophobicity_CASG920101.2.residue50,720
217,CTDD_hydrophobicity_PRAM900101.2.residue75,721
349,CTDD_polarizability.2.residue0,722
125,CKSAAGP_aromatic.alphaticr.gap4,723
900,DDE_PL,724
3033,ABHPRK__18,724
159,CKSAAGP_postivecharger.uncharger.gap5,726
73,CKSAAGP_alphaticr.negativecharger.gap2,727
325,CTDD_normwaalsvolume.3.residue25,728
172,CTDC_hydrophobicity_PRAM900101.G3,729
3154,Ez__9,730
2982,QSO3_SC_Y,730
16,AAC_T,732
3138,Cougar__23,733
959,DDE_SK,734
206,CTDC_solventaccess.G1,735
352,CTDD_polarizability.2.residue75,736
371,CTDD_charge.3.residue50,737
3057,ABHPRK__45,738
3244,Z5__2,739
258,CTDD_hydrophobicity_PONP930101.1.residue100,740
811,DDE_KA,741
130,CKSAAGP_postivecharger.alphaticr.gap4,742
3331,OVPC_Polar,743
11,AAC_K,744
7,AAC_G,744
3054,ABHPRK__42,746
65,CKSAAGP_uncharger.alphaticr.gap1,747
165,CKSAAGP_uncharger.alphaticr.gap5,747
2901,DDR_Y,749
3082,ABHPRK__74,750
263,CTDD_hydrophobicity_PONP930101.2.residue100,751
1,AAC_R,752
1005,DDE_VR,753
280,CTDD_hydrophobicity_CASG920101.3.residue25,754
90,CKSAAGP_uncharger.alphaticr.gap2,755
292,CTDD_hydrophobicity_ENGD860101.2.residue75,756
3030,ABHPRK__15,757
370,CTDD_charge.3.residue25,758
3089,ABHPRK__81,758
155,CKSAAGP_postivecharger.alphaticr.gap5,760
69,CKSAAGP_uncharger.uncharger.gap1,761
1330,GAAC_aromatic,762
2878,PAAC_Xc1.Y,763
433,CTDT_polarizability.Tr2332,764
378,CTDD_secondarystruct.1.residue100,765
2975,QSO3_SC_K,765
294,CTDD_hydrophobicity_ENGD860101.3.residue0,767
3332,OVPC_Hydrophobic,767
123,CKSAAGP_alphaticr.negativecharger.gap4,769
3391,OVP_Polar_C2,770
746,DDE_FS,771
3416,OVP_Small_C4,772
29,CKSAAGP_aromatic.uncharger.gap0,773
298,CTDD_hydrophobicity_ENGD860101.3.residue100,774
40,CKSAAGP_uncharger.alphaticr.gap0,775
3381,OVP_Polar_C1,775
144,CKSAAGP_uncharger.uncharger.gap4,777
345,CTDD_polarizability.1.residue25,777
752,DDE_GC,779
323,CTDD_normwaalsvolume.2.residue100,780
3371,OVP_Polar_N4,781
1045,DDE_YR,782
2874,PAAC_Xc1.P,783
177,CTDC_hydrophobicity_ZIMJ680101.G2,784
3401,OVP_Polar_C3,785
620,CTriad_g6.g1.g4,786
1374,GTPC_alphaticr.negativecharger.alphaticr,787
33,CKSAAGP_postivecharger.negativecharger.gap0,788
2697,CKSAAP_IS.gap3,789
2582,CKSAAP_VS.gap2,790
2129,CKSAAP_GF.gap1,791
724,DDE_EQ,792
89,CKSAAGP_negativecharger.uncharger.gap2,793
983,DDE_TP,794
3,AAC_D,795
806,DDE_IS,796
324,CTDD_normwaalsvolume.3.residue0,797
334,CTDD_polarity.2.residue0,798
222,CTDD_hydrophobicity_PRAM900101.3.residue75,799
2205,CKSAAP_NG.gap1,800
105,CKSAAGP_postivecharger.alphaticr.gap3,801
927,DDE_QT,802
731,DDE_FA,803
171,CTDC_hydrophobicity_PRAM900101.G2,804
3076,ABHPRK__67,805
9,AAC_I,806
82,CKSAAGP_postivecharger.postivecharger.gap2,807
64,CKSAAGP_negativecharger.uncharger.gap1,807
52,CKSAAGP_aromatic.postivecharger.gap1,809
135,CKSAAGP_negativecharger.alphaticr.gap4,810
75,CKSAAGP_aromatic.alphaticr.gap2,811
699,DDE_DK,812
654,DDE_AE,813
218,CTDD_hydrophobicity_PRAM900101.2.residue100,814
3175,Ez__30,815
3083,ABHPRK__75,816
253,CTDD_hydrophobicity_ZIMJ680101.3.residue100,817
974,DDE_TE,818
1422,GTPC_postivecharger.uncharger.alphaticr,819
6,AAC_E,820
393,CTDD_solventaccess.1.residue100,821
994,DDE_VE,822
250,CTDD_hydrophobicity_ZIMJ680101.3.residue25,823
273,CTDD_hydrophobicity_CASG920101.1.residue100,824
251,CTDD_hydrophobicity_ZIMJ680101.3.residue50,825
290,CTDD_hydrophobicity_ENGD860101.2.residue25,826
63,CKSAAGP_negativecharger.negativecharger.gap1,826
3333,OVPC_Aliphatic,828
147,CKSAAGP_alphaticr.postivecharger.gap5,829
3323,Boman_Index,830
3097,ABHPRK__90,831
1696,APAAC_Pc1.M,832
240,CTDD_hydrophobicity_ZIMJ680101.1.residue25,833
118,CKSAAGP_uncharger.negativecharger.gap3,833
30,CKSAAGP_postivecharger.alphaticr.gap0,835
3153,Ez__8,835
659,DDE_AK,837
702,DDE_DN,838
3051,ABHPRK__39,839
766,DDE_GS,840
893,DDE_PD,841
97,CKSAAGP_alphaticr.postivecharger.gap3,842
124,CKSAAGP_alphaticr.uncharger.gap4,843
2601,CKSAAP_AA.gap3,844
1369,GTPC_alphaticr.postivecharger.alphaticr,845
704,DDE_DQ,845
428,CTDT_polarity.Tr1221,847
43,CKSAAGP_uncharger.negativecharger.gap0,848
3376,OVP_Small_N4,849
0,AAC_A,850
311,CTDD_hydrophobicity_FASG890101.3.residue50,851
74,CKSAAGP_alphaticr.uncharger.gap2,852
96,CKSAAGP_alphaticr.aromatic.gap3,853
3382,OVP_Hydrophobic_C1,854
377,CTDD_secondarystruct.1.residue75,855
1451,GTPC_uncharger.alphaticr.alphaticr,856
763,DDE_GP,857
913,DDE_QD,870
1413,GTPC_postivecharger.postivecharger.alphaticr,870
907,DDE_PT,870
847,DDE_LT,870
2569,CKSAAP_TY.gap2,870
843,DDE_LP,870
2560,CKSAAP_TK.gap2,870
1461,GTPC_uncharger.postivecharger.alphaticr,870
1454,GTPC_uncharger.alphaticr.negativecharger,870
3386,OVP_Small_C1,870
956,DDE_SG,870
1426,GTPC_postivecharger.uncharger.uncharger,870
1030,DDE_WY,870
3096,ABHPRK__89,870
450,CTriad_g1.g2.g2,870
13,AAC_F,870
962,DDE_SN,870
360,CTDD_charge.1.residue25,870
703,DDE_DP,870
991,DDE_VA,870
984,DDE_TQ,870
3351,OVP_Polar_N2,870
768,DDE_GV,870
3344,OVP_Tiny_N1,870
2868,PAAC_Xc1.H,870
108,CKSAAGP_postivecharger.negativecharger.gap3,870
3361,OVP_Polar_N3,890
2185,CKSAAP_LG.gap1,890
814,DDE_KE,890
3079,ABHPRK__70,890
1031,DDE_YA,890
3345,OVP_Charged_N1,890
243,CTDD_hydrophobicity_ZIMJ680101.1.residue100,890
83,CKSAAGP_postivecharger.negativecharger.gap2,890
2568,CKSAAP_TV.gap2,890
39,CKSAAGP_negativecharger.uncharger.gap0,890
999,DDE_VK,890
882,DDE_NN,890
2891,DDR_H,890
2533,CKSAAP_RS.gap2,902
319,CTDD_normwaalsvolume.2.residue0,902
113,CKSAAGP_negativecharger.negativecharger.gap3,902
1274,DPC_SQ,902
2527,CKSAAP_RK.gap2,902
2873,PAAC_Xc1.F,902
651,DDE_AA,902
2178,CKSAAP_KV.gap1,902
1048,DDE_YV,902
2978,QSO3_SC_P,902
2502,CKSAAP_PT.gap2,902
1427,GTPC_negativecharger.alphaticr.alphaticr,902
823,DDE_KP,909
449,CTriad_g1.g2.g1,909
66,CKSAAGP_uncharger.aromatic.gap1,946
202,CTDC_charge.G3,946
37,CKSAAGP_negativecharger.postivecharger.gap0,946
2173,CKSAAP_KP.gap1,946
170,CTDC_hydrophobicity_PRAM900101.G1,946
38,CKSAAGP_negativecharger.negativecharger.gap0,946
1038,DDE_YI,946
1046,DDE_YS,946
61,CKSAAGP_negativecharger.aromatic.gap1,946
148,CKSAAGP_alphaticr.negativecharger.gap5,946
1006,DDE_VS,946
1000,DDE_VL,946
109,CKSAAGP_postivecharger.uncharger.gap3,946
1002,DDE_VN,946
2280,CKSAAP_SV.gap1,946
167,CKSAAGP_uncharger.postivecharger.gap5,946
3077,ABHPRK__68,946
247,CTDD_hydrophobicity_ZIMJ680101.2.residue75,946
2872,PAAC_Xc1.M,946
662,DDE_AN,946
667,DDE_AT,946
2864,PAAC_Xc1.C,946
2608,CKSAAP_AL.gap3,946
2622,CKSAAP_DG.gap3,946
2638,CKSAAP_EG.gap3,946
2813,CKSAAP_TA.gap3,946
2797,CKSAAP_SA.gap3,946
696,DDE_DG,946
714,DDE_EE,946
735,DDE_FF,946
740,DDE_FL,946
750,DDE_FY,946
1688,APAAC_Pc1.C,946
2887,DDR_C,946
220,CTDD_hydrophobicity_PRAM900101.3.residue25,946
2895,DDR_M,946
1452,GTPC_uncharger.alphaticr.aromatic,946
2139,CKSAAP_GT.gap1,946
509,CTriad_g2.g6.g1,946
2077,CKSAAP_AY.gap1,946
2410,CKSAAP_GV.gap2,946
3080,ABHPRK__72,946
3070,ABHPRK__60,946
3023,ABHPRK__7,946
1361,GTPC_alphaticr.alphaticr.postivecharger,946
807,DDE_IT,946
1392,GTPC_aromatic.postivecharger.alphaticr,946
1399,GTPC_aromatic.uncharger.alphaticr,946
1406,GTPC_postivecharger.alphaticr.postivecharger,946
1408,GTPC_postivecharger.alphaticr.uncharger,946
1419,GTPC_postivecharger.negativecharger.postivecharger,946
1446,GTPC_negativecharger.uncharger.alphaticr,946
1465,GTPC_uncharger.postivecharger.uncharger,946
2433,CKSAAP_IT.gap2,946
791,DDE_IA,946
683,DDE_CP,946
954,DDE_SE,946
868,DDE_MV,946
3362,OVP_Hydrophobic_N3,946
3405,OVP_Charged_C3,946
945,DDE_RR,946
21,CKSAAGP_alphaticr.aromatic.gap0,946
833,DDE_LD,946
963,DDE_SP,946
940,DDE_RL,946
939,DDE_RK,946
884,DDE_NQ,946
914,DDE_QE,946
850,DDE_LY,946
3395,OVP_Charged_C2,946
891,DDE_PA,946
886,DDE_NS,999
180,CTDC_hydrophobicity_PONP930101.G2,999
1018,DDE_WI,999
953,DDE_SD,999
2614,CKSAAP_AT.gap3,999
14,AAC_P,999
2310,CKSAAP_VR.gap1,999
2155,CKSAAP_IN.gap1,999
1383,GTPC_alphaticr.uncharger.uncharger,999
877,DDE_NH,999
3364,OVP_Tiny_N3,999
1455,GTPC_uncharger.alphaticr.uncharger,999
803,DDE_IP,999
656,DDE_AG,999
150,CKSAAGP_aromatic.alphaticr.gap5,999
715,DDE_EF,999
1362,GTPC_alphaticr.alphaticr.negativecharger,999
131,CKSAAGP_postivecharger.aromatic.gap4,999
2284,CKSAAP_TE.gap1,999
1466,GTPC_uncharger.negativecharger.alphaticr,999
134,CKSAAGP_postivecharger.uncharger.gap4,999
2499,CKSAAP_PQ.gap2,999
114,CKSAAGP_negativecharger.uncharger.gap3,999
887,DDE_NT,999
3414,OVP_Tiny_C4,999
751,DDE_GA,999
2188,CKSAAP_LK.gap1,999
3341,OVP_Polar_N1,999
753,DDE_GD,999
2250,CKSAAP_RD.gap1,999
995,DDE_VF,999
482,CTriad_g2.g1.g4,999
18,AAC_Y,999
831,DDE_LA,999
1271,DPC_SL,999
819,DDE_KK,1020
767,DDE_GT,1020
985,DDE_TR,1020
629,CTriad_g6.g3.g1,1020
2825,CKSAAP_TS.gap3,1020
1331,GAAC_postivecharge,1020
1359,GTPC_alphaticr.alphaticr.alphaticr,1020
2382,CKSAAP_FE.gap2,1125
2498,CKSAAP_PP.gap2,1125
530,CTriad_g3.g3.g4,1125
1373,GTPC_alphaticr.postivecharger.uncharger,1125
805,DDE_IR,1125
543,CTriad_g3.g5.g5,1125
554,CTriad_g4.g1.g4,1125
545,CTriad_g3.g6.g1,1125
1380,GTPC_alphaticr.uncharger.aromatic,1125
1367,GTPC_alphaticr.aromatic.negativecharger,1125
3388,OVP_Aromatic_C2,1125
2507,CKSAAP_QE.gap2,1125
2207,CKSAAP_NK.gap1,1125
497,CTriad_g2.g4.g1,1125
2347,CKSAAP_DA.gap2,1125
1389,GTPC_aromatic.aromatic.alphaticr,1125
904,DDE_PQ,1125
504,CTriad_g2.g5.g2,1125
922,DDE_QN,1125
617,CTriad_g6.g1.g1,1125
2071,CKSAAP_AP.gap1,1125
2364,CKSAAP_ED.gap2,1125
1382,GTPC_alphaticr.uncharger.negativecharger,1125
1381,GTPC_alphaticr.uncharger.postivecharger,1125
2064,CKSAAP_AG.gap1,1125
526,CTriad_g3.g2.g6,1125
2993,QSO3_G_L,1125
12,AAC_M,1125
2490,CKSAAP_PA.gap2,1125
918,DDE_QI,1125
2436,CKSAAP_KA.gap2,1125
571,CTriad_g4.g4.g3,1125
3093,ABHPRK__85,1125
3046,ABHPRK__33,1125
3094,ABHPRK__87,1125
3045,ABHPRK__32,1125
3038,ABHPRK__24,1125
3037,ABHPRK__23,1125
3036,ABHPRK__22,1125
2457,CKSAAP_LG.gap2,1125
2461,CKSAAP_LL.gap2,1125
2464,CKSAAP_LP.gap2,1125
920,DDE_QL,1125
3026,ABHPRK__10,1125
815,DDE_KF,1125
3101,ABHPRK__94,1125
2405,CKSAAP_GP.gap2,1125
3383,OVP_Aliphatic_C1,1125
3024,ABHPRK__8,1125
2468,CKSAAP_LT.gap2,1125
2474,CKSAAP_NA.gap2,1125
2475,CKSAAP_ND.gap2,1125
2396,CKSAAP_GD.gap2,1125
2477,CKSAAP_NF.gap2,1125
3001,QSO3_G_V,1125
2999,QSO3_G_T,1125
916,DDE_QG,1125
563,CTriad_g4.g3.g1,1125
2994,QSO3_G_K,1125
630,CTriad_g6.g3.g2,1125
3349,OVP_Negative_N2,1125
1409,GTPC_postivecharger.aromatic.alphaticr,1125
2753,CKSAAP_PD.gap3,1125
741,DDE_FM,1125
2677,CKSAAP_GS.gap3,1125
736,DDE_FG,1125
732,DDE_FC,1125
730,DDE_EY,1125
742,DDE_FN,1125
2766,CKSAAP_PV.gap3,1125
723,DDE_EP,1125
2668,CKSAAP_GF.gap3,1125
712,DDE_EC,1125
866,DDE_MS,1125
695,DDE_DF,1125
691,DDE_DA,1125
725,DDE_ER,1125
743,DDE_FP,1125
3413,OVP_Aliphatic_C4,1125
761,DDE_GM,1125
793,DDE_ID,1125
795,DDE_IF,1125
798,DDE_II,1125
799,DDE_IK,1125
800,DDE_IL,1125
2701,CKSAAP_KA.gap3,1125
2711,CKSAAP_KQ.gap3,1125
1701,APAAC_Pc1.W,1125
2713,CKSAAP_KS.gap3,1125
783,DDE_HP,1125
2715,CKSAAP_KV.gap3,1125
2692,CKSAAP_IL.gap3,1125
774,DDE_HE,1125
771,DDE_HA,1125
765,DDE_GR,1125
2647,CKSAAP_ET.gap3,1125
2644,CKSAAP_EQ.gap3,1125
3408,OVP_Aromatic_C4,1125
2636,CKSAAP_EE.gap3,1125
2559,CKSAAP_TI.gap2,1125
1470,GTPC_uncharger.negativecharger.uncharger,1125
496,CTriad_g2.g3.g6,1125
854,DDE_ME,1125
2550,CKSAAP_SS.gap2,1125
1456,GTPC_uncharger.aromatic.alphaticr,1125
3397,OVP_Imino_acid_C2,1125
3396,OVP_Small_C2,1125
1450,GTPC_negativecharger.uncharger.uncharger,1125
2936,SER_Q,1125
2537,CKSAAP_SA.gap2,1125
2532,CKSAAP_RR.gap2,1125
2528,CKSAAP_RL.gap2,1125
3394,OVP_Tiny_C2,1125
2526,CKSAAP_RI.gap2,1125
2910,RRI_I,1125
1404,GTPC_postivecharger.alphaticr.alphaticr,1125
2900,DDR_W,1125
641,CTriad_g6.g5.g2,1125
2827,CKSAAP_TV.gap3,1125
2625,CKSAAP_DL.gap3,1125
2603,CKSAAP_AE.gap3,1125
2595,CKSAAP_YP.gap2,1125
668,DDE_AV,1125
3404,OVP_Tiny_C3,1125
874,DDE_NE,1125
665,DDE_AR,1125
875,DDE_NF,1125
3402,OVP_Hydrophobic_C3,1125
660,DDE_AL,1125
658,DDE_AI,1125
653,DDE_AD,1125
647,CTriad_g6.g6.g3,1125
645,CTriad_g6.g6.g1,1125
2577,CKSAAP_VL.gap2,1125
2094,CKSAAP_EA.gap1,1125
2137,CKSAAP_GR.gap1,1125
2340,CKSAAP_AP.gap2,1125
92,CKSAAGP_uncharger.postivecharger.gap2,1125
925,DDE_QR,1125
2313,CKSAAP_VV.gap1,1125
454,CTriad_g1.g2.g6,1125
1033,DDE_YD,1125
456,CTriad_g1.g3.g2,1125
157,CKSAAGP_postivecharger.postivecharger.gap5,1125
1028,DDE_WV,1125
461,CTriad_g1.g4.g1,1125
79,CKSAAGP_aromatic.uncharger.gap2,1125
951,DDE_SA,1125
68,CKSAAGP_uncharger.negativecharger.gap1,1125
60,CKSAAGP_negativecharger.alphaticr.gap1,1125
2109,CKSAAP_EV.gap1,1125
58,CKSAAGP_postivecharger.negativecharger.gap1,1125
1013,DDE_WD,1125
57,CKSAAGP_postivecharger.postivecharger.gap1,1125
56,CKSAAGP_postivecharger.aromatic.gap1,1125
1010,DDE_VY,1125
2329,CKSAAP_YV.gap1,1125
474,CTriad_g1.g6.g2,1125
1008,DDE_VV,1125
3358,OVP_Aromatic_N3,1125
444,CTriad_g1.g1.g2,1125
435,CTDT_charge.Tr1331,1125
946,DDE_RS,1125
817,DDE_KH,1125
158,CKSAAGP_postivecharger.negativecharger.gap5,1125
162,CKSAAGP_negativecharger.postivecharger.gap5,1125
164,CKSAAGP_negativecharger.uncharger.gap5,1125
166,CKSAAGP_uncharger.aromatic.gap5,1125
3368,OVP_Aromatic_N4,1125
142,CKSAAGP_uncharger.postivecharger.gap4,1125
136,CKSAAGP_negativecharger.aromatic.gap4,1125
935,DDE_RF,1125
127,CKSAAGP_aromatic.postivecharger.gap4,1125
2295,CKSAAP_TT.gap1,1125
238,CTDD_hydrophobicity_ARGP820101.3.residue100,1125
820,DDE_KL,1125
2163,CKSAAP_KA.gap1,1125
17,AAC_W,1125
2299,CKSAAP_VD.gap1,1125
684,DDE_CQ,1125
2164,CKSAAP_KD.gap1,1125
2195,CKSAAP_LS.gap1,1125
1047,DDE_YT,1125
2253,CKSAAP_RG.gap1,1125
3375,OVP_Charged_N4,1125
102,CKSAAGP_aromatic.postivecharger.gap3,1125
2133,CKSAAP_GL.gap1,1125
2278,CKSAAP_SS.gap1,1125
2146,CKSAAP_IA.gap1,1125
2177,CKSAAP_KT.gap1,1125
156,CKSAAGP_postivecharger.aromatic.gap5,1125
989,DDE_TW,1125
485,CTriad_g2.g2.g1,1125
3343,OVP_Aliphatic_N1,1125
1154,DPC_IS,1125
978,DDE_TI,1125
965,DDE_SR,1125
982,DDE_TN,1125
828,DDE_KV,1125
50,CKSAAGP_aromatic.alphaticr.gap1,1125
3338,OVP_Aromatic_N1,1125
969,DDE_SW,1125
2331,CKSAAP_AA.gap2,1125
1371,GTPC_alphaticr.postivecharger.postivecharger,1251
3081,ABHPRK__73,1251
885,DDE_NR,1251
133,CKSAAGP_postivecharger.negativecharger.gap4,1251
1417,GTPC_postivecharger.postivecharger.uncharger,1251
2572,CKSAAP_VE.gap2,1251
1039,DDE_YK,1251
462,CTriad_g1.g4.g2,1251
1158,DPC_KA,1251
2720,CKSAAP_LF.gap3,1251
2130,CKSAAP_GG.gap1,1251
2442,CKSAAP_KK.gap2,1251
842,DDE_LN,1251
2976,QSO3_SC_M,1251
3052,ABHPRK__40,1251
2696,CKSAAP_IR.gap3,1251
116,CKSAAGP_uncharger.aromatic.gap3,1251
2633,CKSAAP_DY.gap3,1251
903,DDE_PP,1251
3340,OVP_Positive_N1,1251
533,CTriad_g3.g4.g1,1251
112,CKSAAGP_negativecharger.postivecharger.gap3,1251
860,DDE_ML,1251
944,DDE_RQ,1251
2587,CKSAAP_YD.gap2,1251
31,CKSAAGP_postivecharger.aromatic.gap0,1251
2846,CKSAAP_YD.gap3,1251
2842,CKSAAP_VT.gap3,1251
3373,OVP_Aliphatic_N4,1251
908,DDE_PV,1251
2079,CKSAAP_DD.gap1,1251
3039,ABHPRK__25,1251
848,DDE_LV,1251
486,CTriad_g2.g2.g2,1251
137,CKSAAGP_negativecharger.postivecharger.gap4,1251
2755,CKSAAP_PF.gap3,1251
51,CKSAAGP_aromatic.aromatic.gap1,1251
138,CKSAAGP_negativecharger.negativecharger.gap4,1251
2111,CKSAAP_FA.gap1,1251
936,DDE_RG,1251
2770,CKSAAP_QE.gap3,1251
3092,ABHPRK__84,1251
733,DDE_FD,1251
562,CTriad_g4.g2.g6,1251
2915,RRI_P,1251
62,CKSAAGP_negativecharger.postivecharger.gap1,1251
2742,CKSAAP_NK.gap3,1251
754,DDE_GE,1251
1472,GTPC_uncharger.uncharger.aromatic,1251
2408,CKSAAP_GS.gap2,1251
2699,CKSAAP_IV.gap3,2343
2590,CKSAAP_YG.gap2,2343
2565,CKSAAP_TR.gap2,2343
2702,CKSAAP_KD.gap3,2343
2257,CKSAAP_RL.gap1,2343
2589,CKSAAP_YF.gap2,2343
2588,CKSAAP_YE.gap2,2343
2230,CKSAAP_PT.gap1,2343
2551,CKSAAP_ST.gap2,2343
2286,CKSAAP_TG.gap1,2343
2287,CKSAAP_TI.gap1,2343
2237,CKSAAP_QG.gap1,2343
2265,CKSAAP_RV.gap1,2343
2594,CKSAAP_YN.gap2,2343
2694,CKSAAP_IP.gap3,2343
2695,CKSAAP_IQ.gap3,2343
2548,CKSAAP_SQ.gap2,2343
2703,CKSAAP_KE.gap3,2343
2549,CKSAAP_SR.gap2,2343
2281,CKSAAP_SY.gap1,2343
2263,CKSAAP_RS.gap1,2343
2279,CKSAAP_ST.gap1,2343
2288,CKSAAP_TK.gap1,2343
2592,CKSAAP_YK.gap2,2343
675,DDE_CF,2343
2698,CKSAAP_IT.gap3,2343
2552,CKSAAP_SV.gap2,2343
2591,CKSAAP_YI.gap2,2343
2593,CKSAAP_YL.gap2,2343
2553,CKSAAP_SY.gap2,2343
2584,CKSAAP_VV.gap2,2343
2586,CKSAAP_YA.gap2,2343
2596,CKSAAP_YQ.gap2,2343
2578,CKSAAP_VN.gap2,2343
2282,CKSAAP_TA.gap1,2343
2561,CKSAAP_TL.gap2,2343
2576,CKSAAP_VK.gap2,2343
2283,CKSAAP_TD.gap1,2343
2575,CKSAAP_VI.gap2,2343
2574,CKSAAP_VG.gap2,2343
2573,CKSAAP_VF.gap2,2343
2571,CKSAAP_VD.gap2,2343
2562,CKSAAP_TN.gap2,2343
2570,CKSAAP_VA.gap2,2343
2563,CKSAAP_TP.gap2,2343
2567,CKSAAP_TT.gap2,2343
2564,CKSAAP_TQ.gap2,2343
2558,CKSAAP_TG.gap2,2343
2256,CKSAAP_RK.gap1,2343
2241,CKSAAP_QN.gap1,2343
2580,CKSAAP_VQ.gap2,2343
2238,CKSAAP_QI.gap1,2343
2585,CKSAAP_VY.gap2,2343
2285,CKSAAP_TF.gap1,2343
2566,CKSAAP_TS.gap2,2343
2554,CKSAAP_TA.gap2,2343
2583,CKSAAP_VT.gap2,2343
2555,CKSAAP_TD.gap2,2343
2239,CKSAAP_QK.gap1,2343
2556,CKSAAP_TE.gap2,2343
2557,CKSAAP_TF.gap2,2343
677,DDE_CH,2343
2700,CKSAAP_IY.gap3,2343
2240,CKSAAP_QL.gap1,2343
2266,CKSAAP_SA.gap1,2343
2581,CKSAAP_VR.gap2,2343
2579,CKSAAP_VP.gap2,2343
2597,CKSAAP_YS.gap2,2343
2680,CKSAAP_GY.gap3,2343
2599,CKSAAP_YV.gap2,2343
2233,CKSAAP_QA.gap1,2343
2665,CKSAAP_GA.gap3,2343
2664,CKSAAP_FY.gap3,2343
2663,CKSAAP_FV.gap3,2343
2662,CKSAAP_FT.gap3,2343
2661,CKSAAP_FS.gap3,2343
2660,CKSAAP_FR.gap3,2343
2659,CKSAAP_FP.gap3,2343
2658,CKSAAP_FN.gap3,2343
2657,CKSAAP_FL.gap3,2343
2687,CKSAAP_IE.gap3,2343
2656,CKSAAP_FK.gap3,2343
2259,CKSAAP_RN.gap1,2343
2655,CKSAAP_FI.gap3,2343
2654,CKSAAP_FG.gap3,2343
2653,CKSAAP_FF.gap3,2343
2273,CKSAAP_SL.gap1,2343
2262,CKSAAP_RR.gap1,2343
2652,CKSAAP_FE.gap3,2343
2651,CKSAAP_FD.gap3,2343
2650,CKSAAP_FA.gap3,2343
2649,CKSAAP_EY.gap3,2343
2234,CKSAAP_QD.gap1,2343
2648,CKSAAP_EV.gap3,2343
2666,CKSAAP_GD.gap3,2343
2272,CKSAAP_SK.gap1,2343
2679,CKSAAP_GV.gap3,2343
2678,CKSAAP_GT.gap3,2343
2681,CKSAAP_HK.gap3,2343
2682,CKSAAP_HL.gap3,2343
2260,CKSAAP_RP.gap1,2343
2231,CKSAAP_PV.gap1,2343
2270,CKSAAP_SG.gap1,2343
2676,CKSAAP_GR.gap3,2343
2271,CKSAAP_SI.gap1,2343
2232,CKSAAP_PY.gap1,2343
2667,CKSAAP_GE.gap3,2343
2683,CKSAAP_HS.gap3,2343
2674,CKSAAP_GP.gap3,2343
2684,CKSAAP_HV.gap3,2343
2673,CKSAAP_GN.gap3,2343
2672,CKSAAP_GL.gap3,2343
2685,CKSAAP_IA.gap3,2343
2686,CKSAAP_ID.gap3,2343
2671,CKSAAP_GK.gap3,2343
2261,CKSAAP_RQ.gap1,2343
2670,CKSAAP_GI.gap3,2343
2669,CKSAAP_GG.gap3,2343
2675,CKSAAP_GQ.gap3,2343
2688,CKSAAP_IF.gap3,2343
2646,CKSAAP_ES.gap3,2343
2645,CKSAAP_ER.gap3,2343
2619,CKSAAP_DD.gap3,2343
2618,CKSAAP_DA.gap3,2343
2617,CKSAAP_CL.gap3,2343
2268,CKSAAP_SE.gap1,2343
2616,CKSAAP_AY.gap3,2343
2615,CKSAAP_AV.gap3,2343
2691,CKSAAP_IK.gap3,2343
2277,CKSAAP_SR.gap1,2343
2613,CKSAAP_AS.gap3,2343
2612,CKSAAP_AR.gap3,2343
2620,CKSAAP_DE.gap3,2343
2611,CKSAAP_AQ.gap3,2343
2609,CKSAAP_AN.gap3,2343
2607,CKSAAP_AK.gap3,2343
2606,CKSAAP_AI.gap3,2343
2267,CKSAAP_SD.gap1,2343
2605,CKSAAP_AG.gap3,2343
2604,CKSAAP_AF.gap3,2343
2693,CKSAAP_IN.gap3,2343
2602,CKSAAP_AD.gap3,2343
676,DDE_CG,2343
2600,CKSAAP_YY.gap2,2343
2610,CKSAAP_AP.gap3,2343
2621,CKSAAP_DF.gap3,2343
2236,CKSAAP_QF.gap1,2343
2623,CKSAAP_DI.gap3,2343
2274,CKSAAP_SN.gap1,2343
2643,CKSAAP_EP.gap3,2343
2642,CKSAAP_EN.gap3,2343
2641,CKSAAP_EL.gap3,2343
2640,CKSAAP_EK.gap3,2343
2639,CKSAAP_EI.gap3,2343
2258,CKSAAP_RM.gap1,2343
2235,CKSAAP_QE.gap1,2343
2637,CKSAAP_EF.gap3,2343
2635,CKSAAP_ED.gap3,2343
2634,CKSAAP_EA.gap3,2343
2632,CKSAAP_DV.gap3,2343
2631,CKSAAP_DT.gap3,2343
2630,CKSAAP_DS.gap3,2343
2629,CKSAAP_DR.gap3,2343
2628,CKSAAP_DQ.gap3,2343
2269,CKSAAP_SF.gap1,2343
2627,CKSAAP_DP.gap3,2343
2276,CKSAAP_SQ.gap1,2343
2626,CKSAAP_DN.gap3,2343
2689,CKSAAP_IG.gap3,2343
2624,CKSAAP_DK.gap3,2343
2690,CKSAAP_II.gap3,2343
2598,CKSAAP_YT.gap2,2343
2275,CKSAAP_SP.gap1,2343
2529,CKSAAP_RN.gap2,2343
2289,CKSAAP_TL.gap1,2343
2418,CKSAAP_HS.gap2,2343
2417,CKSAAP_HR.gap2,2343
2416,CKSAAP_HL.gap2,2343
2324,CKSAAP_YP.gap1,2343
2415,CKSAAP_HK.gap2,2343
2414,CKSAAP_HG.gap2,2343
2413,CKSAAP_HE.gap2,2343
2325,CKSAAP_YQ.gap1,2343
2326,CKSAAP_YR.gap1,2343
2412,CKSAAP_HA.gap2,2343
2411,CKSAAP_GY.gap2,2343
2327,CKSAAP_YS.gap1,2343
2409,CKSAAP_GT.gap2,2343
2407,CKSAAP_GR.gap2,2343
2406,CKSAAP_GQ.gap2,2343
2328,CKSAAP_YT.gap1,2343
2404,CKSAAP_GN.gap2,2343
2403,CKSAAP_GL.gap2,2343
2402,CKSAAP_GK.gap2,2343
2401,CKSAAP_GI.gap2,2343
679,DDE_CK,2343
2399,CKSAAP_GG.gap2,2343
2398,CKSAAP_GF.gap2,2343
2397,CKSAAP_GE.gap2,2343
2395,CKSAAP_GA.gap2,2343
2419,CKSAAP_HV.gap2,2343
2420,CKSAAP_IA.gap2,2343
678,DDE_CI,2343
2323,CKSAAP_YN.gap1,2343
2445,CKSAAP_KP.gap2,2343
2444,CKSAAP_KN.gap2,2343
2443,CKSAAP_KL.gap2,2343
2441,CKSAAP_KI.gap2,2343
2440,CKSAAP_KG.gap2,2343
2439,CKSAAP_KF.gap2,2343
2438,CKSAAP_KE.gap2,2343
2437,CKSAAP_KD.gap2,2343
2320,CKSAAP_YI.gap1,2343
2435,CKSAAP_IY.gap2,2343
2434,CKSAAP_IV.gap2,2343
2432,CKSAAP_IS.gap2,2343
2394,CKSAAP_FV.gap2,2343
2431,CKSAAP_IR.gap2,2343
2429,CKSAAP_IP.gap2,2343
2428,CKSAAP_IN.gap2,2343
2427,CKSAAP_IL.gap2,2343
2426,CKSAAP_IK.gap2,2343
2425,CKSAAP_II.gap2,2343
2424,CKSAAP_IG.gap2,2343
2423,CKSAAP_IF.gap2,2343
2704,CKSAAP_KF.gap3,2343
2422,CKSAAP_IE.gap2,2343
2321,CKSAAP_YK.gap1,2343
2249,CKSAAP_RA.gap1,2343
2322,CKSAAP_YL.gap1,2343
2430,CKSAAP_IQ.gap2,2343
2393,CKSAAP_FT.gap2,2343
2392,CKSAAP_FS.gap2,2343
2391,CKSAAP_FR.gap2,2343
2336,CKSAAP_AI.gap2,2343
2363,CKSAAP_EA.gap2,2343
2362,CKSAAP_DY.gap2,2343
2361,CKSAAP_DV.gap2,2343
2360,CKSAAP_DT.gap2,2343
2359,CKSAAP_DS.gap2,2343
2358,CKSAAP_DR.gap2,2343
2357,CKSAAP_DQ.gap2,2343
2251,CKSAAP_RE.gap1,2343
2356,CKSAAP_DP.gap2,2343
2337,CKSAAP_AK.gap2,2343
2355,CKSAAP_DN.gap2,2343
2365,CKSAAP_EE.gap2,2343
2354,CKSAAP_DL.gap2,2343
2352,CKSAAP_DI.gap2,2343
2338,CKSAAP_AL.gap2,2343
2351,CKSAAP_DG.gap2,2343
2350,CKSAAP_DF.gap2,2343
2349,CKSAAP_DE.gap2,2343
2348,CKSAAP_DD.gap2,2343
2346,CKSAAP_AY.gap2,2343
2339,CKSAAP_AN.gap2,2343
2345,CKSAAP_AV.gap2,2343
2344,CKSAAP_AT.gap2,2343
2343,CKSAAP_AS.gap2,2343
2342,CKSAAP_AR.gap2,2343
2353,CKSAAP_DK.gap2,2343
2446,CKSAAP_KQ.gap2,2343
2366,CKSAAP_EF.gap2,2343
2335,CKSAAP_AG.gap2,2343
2390,CKSAAP_FQ.gap2,2343
2389,CKSAAP_FP.gap2,2343
2330,CKSAAP_YY.gap1,2343
2388,CKSAAP_FN.gap2,2343
2387,CKSAAP_FL.gap2,2343
2386,CKSAAP_FK.gap2,2343
2385,CKSAAP_FI.gap2,2343
2384,CKSAAP_FG.gap2,2343
2383,CKSAAP_FF.gap2,2343
2381,CKSAAP_FD.gap2,2343
2332,CKSAAP_AD.gap2,2343
2380,CKSAAP_FA.gap2,2343
2367,CKSAAP_EG.gap2,2343
2333,CKSAAP_AE.gap2,2343
2378,CKSAAP_EV.gap2,2343
2377,CKSAAP_ET.gap2,2343
2376,CKSAAP_ES.gap2,2343
2375,CKSAAP_ER.gap2,2343
2374,CKSAAP_EQ.gap2,2343
2373,CKSAAP_EP.gap2,2343
2372,CKSAAP_EN.gap2,2343
2371,CKSAAP_EL.gap2,2343
2370,CKSAAP_EK.gap2,2343
2369,CKSAAP_EI.gap2,2343
2368,CKSAAP_EH.gap2,2343
2334,CKSAAP_AF.gap2,2343
2379,CKSAAP_EY.gap2,2343
2547,CKSAAP_SP.gap2,2343
2447,CKSAAP_KR.gap2,2343
2449,CKSAAP_KT.gap2,2343
2518,CKSAAP_QT.gap2,2343
2517,CKSAAP_QS.gap2,2343
2245,CKSAAP_QS.gap1,2343
2516,CKSAAP_QR.gap2,2343
2515,CKSAAP_QQ.gap2,2343
2514,CKSAAP_QP.gap2,2343
2246,CKSAAP_QT.gap1,2343
2513,CKSAAP_QN.gap2,2343
2512,CKSAAP_QL.gap2,2343
2255,CKSAAP_RI.gap1,2343
2296,CKSAAP_TV.gap1,2343
2511,CKSAAP_QK.gap2,2343
2510,CKSAAP_QI.gap2,2343
2509,CKSAAP_QG.gap2,2343
2508,CKSAAP_QF.gap2,2343
2506,CKSAAP_QD.gap2,2343
2505,CKSAAP_QA.gap2,2343
2254,CKSAAP_RH.gap1,2343
2504,CKSAAP_PY.gap2,2343
2503,CKSAAP_PV.gap2,2343
2501,CKSAAP_PS.gap2,2343
2297,CKSAAP_TY.gap1,2343
2500,CKSAAP_PR.gap2,2343
2298,CKSAAP_VA.gap1,2343
2300,CKSAAP_VE.gap1,2343
2519,CKSAAP_QV.gap2,2343
2520,CKSAAP_QY.gap2,2343
2244,CKSAAP_QR.gap1,2343
2521,CKSAAP_RA.gap2,2343
2546,CKSAAP_SN.gap2,2343
2545,CKSAAP_SL.gap2,2343
2544,CKSAAP_SK.gap2,2343
2543,CKSAAP_SI.gap2,2343
2542,CKSAAP_SH.gap2,2343
2541,CKSAAP_SG.gap2,2343
2540,CKSAAP_SF.gap2,2343
2539,CKSAAP_SE.gap2,2343
2538,CKSAAP_SD.gap2,2343
2290,CKSAAP_TN.gap1,2343
2536,CKSAAP_RY.gap2,2343
2535,CKSAAP_RV.gap2,2343
2301,CKSAAP_VF.gap1,2343
2534,CKSAAP_RT.gap2,2343
2531,CKSAAP_RQ.gap2,2343
2530,CKSAAP_RP.gap2,2343
2341,CKSAAP_AQ.gap2,2343
2292,CKSAAP_TQ.gap1,2343
2293,CKSAAP_TR.gap1,2343
2242,CKSAAP_QP.gap1,2343
2243,CKSAAP_QQ.gap1,2343
2294,CKSAAP_TS.gap1,2343
2525,CKSAAP_RG.gap2,2343
2524,CKSAAP_RF.gap2,2343
2523,CKSAAP_RE.gap2,2343
2522,CKSAAP_RD.gap2,2343
2291,CKSAAP_TP.gap1,2343
2302,CKSAAP_VG.gap1,2343
2497,CKSAAP_PL.gap2,2343
2496,CKSAAP_PK.gap2,2343
2309,CKSAAP_VQ.gap1,2343
2467,CKSAAP_LS.gap2,2343
2466,CKSAAP_LR.gap2,2343
680,DDE_CL,2343
2311,CKSAAP_VS.gap1,2343
2312,CKSAAP_VT.gap1,2343
2252,CKSAAP_RF.gap1,2343
2465,CKSAAP_LQ.gap2,2343
2314,CKSAAP_VY.gap1,2343
2463,CKSAAP_LN.gap2,2343
2462,CKSAAP_LM.gap2,2343
2315,CKSAAP_YA.gap1,2343
2469,CKSAAP_LV.gap2,2343
2460,CKSAAP_LK.gap2,2343
2458,CKSAAP_LH.gap2,2343
2456,CKSAAP_LF.gap2,2343
2316,CKSAAP_YD.gap1,2343
2317,CKSAAP_YE.gap1,2343
2455,CKSAAP_LE.gap2,2343
2454,CKSAAP_LD.gap2,2343
2453,CKSAAP_LC.gap2,2343
2452,CKSAAP_LA.gap2,2343
2451,CKSAAP_KY.gap2,2343
2318,CKSAAP_YF.gap1,2343
2319,CKSAAP_YG.gap1,2343
2450,CKSAAP_KV.gap2,2343
2459,CKSAAP_LI.gap2,2343
2448,CKSAAP_KS.gap2,2343
2470,CKSAAP_LY.gap2,2343
2472,CKSAAP_ML.gap2,2343
2303,CKSAAP_VH.gap1,2343
2495,CKSAAP_PI.gap2,2343
2494,CKSAAP_PG.gap2,2343
2493,CKSAAP_PF.gap2,2343
2492,CKSAAP_PE.gap2,2343
2304,CKSAAP_VI.gap1,2343
2491,CKSAAP_PD.gap2,2343
2305,CKSAAP_VK.gap1,2343
2306,CKSAAP_VL.gap1,2343
2247,CKSAAP_QV.gap1,2343
2489,CKSAAP_NY.gap2,2343
2488,CKSAAP_NV.gap2,2343
2471,CKSAAP_MA.gap2,2343
2307,CKSAAP_VN.gap1,2343
2308,CKSAAP_VP.gap1,2343
2486,CKSAAP_NS.gap2,2343
2485,CKSAAP_NR.gap2,2343
2484,CKSAAP_NQ.gap2,2343
2483,CKSAAP_NP.gap2,2343
2482,CKSAAP_NN.gap2,2343
2481,CKSAAP_NL.gap2,2343
2480,CKSAAP_NK.gap2,2343
2479,CKSAAP_NI.gap2,2343
2478,CKSAAP_NG.gap2,2343
2476,CKSAAP_NE.gap2,2343
2473,CKSAAP_MV.gap2,2343
2487,CKSAAP_NT.gap2,2343
2248,CKSAAP_QY.gap1,2343
2851,CKSAAP_YL.gap3,2343
2706,CKSAAP_KI.gap3,2343
536,CTriad_g3.g4.g4,2343
537,CTriad_g3.g4.g5,2343
538,CTriad_g3.g4.g6,2343
539,CTriad_g3.g5.g1,2343
540,CTriad_g3.g5.g2,2343
541,CTriad_g3.g5.g3,2343
542,CTriad_g3.g5.g4,2343
544,CTriad_g3.g5.g6,2343
546,CTriad_g3.g6.g2,2343
547,CTriad_g3.g6.g3,2343
548,CTriad_g3.g6.g4,2343
549,CTriad_g3.g6.g5,2343
550,CTriad_g3.g6.g6,2343
551,CTriad_g4.g1.g1,2343
552,CTriad_g4.g1.g2,2343
553,CTriad_g4.g1.g3,2343
555,CTriad_g4.g1.g5,2343
556,CTriad_g4.g1.g6,2343
557,CTriad_g4.g2.g1,2343
558,CTriad_g4.g2.g2,2343
559,CTriad_g4.g2.g3,2343
560,CTriad_g4.g2.g4,2343
561,CTriad_g4.g2.g5,2343
564,CTriad_g4.g3.g2,2343
565,CTriad_g4.g3.g3,2343
3111,ABHPRK__105,2343
3110,ABHPRK__104,2343
3109,ABHPRK__103,2343
3108,ABHPRK__102,2343
535,CTriad_g3.g4.g3,2343
3107,ABHPRK__101,2343
534,CTriad_g3.g4.g2,2343
531,CTriad_g3.g3.g5,2343
494,CTriad_g2.g3.g4,2343
495,CTriad_g2.g3.g5,2343
498,CTriad_g2.g4.g2,2343
499,CTriad_g2.g4.g3,2343
500,CTriad_g2.g4.g4,2343
501,CTriad_g2.g4.g5,2343
502,CTriad_g2.g4.g6,2343
503,CTriad_g2.g5.g1,2343
505,CTriad_g2.g5.g3,2343
506,CTriad_g2.g5.g4,2343
507,CTriad_g2.g5.g5,2343
508,CTriad_g2.g5.g6,2343
510,CTriad_g2.g6.g2,2343
511,CTriad_g2.g6.g3,2343
512,CTriad_g2.g6.g4,2343
513,CTriad_g2.g6.g5,2343
514,CTriad_g2.g6.g6,2343
515,CTriad_g3.g1.g1,2343
516,CTriad_g3.g1.g2,2343
517,CTriad_g3.g1.g3,2343
518,CTriad_g3.g1.g4,2343
519,CTriad_g3.g1.g5,2343
520,CTriad_g3.g1.g6,2343
521,CTriad_g3.g2.g1,2343
522,CTriad_g3.g2.g2,2343
523,CTriad_g3.g2.g3,2343
524,CTriad_g3.g2.g4,2343
525,CTriad_g3.g2.g5,2343
527,CTriad_g3.g3.g1,2343
532,CTriad_g3.g3.g6,2343
3106,ABHPRK__100,2343
3105,ABHPRK__99,2343
3104,ABHPRK__98,2343
3058,ABHPRK__47,2343
589,CTriad_g5.g1.g4,2343
590,CTriad_g5.g1.g5,2343
591,CTriad_g5.g1.g6,2343
592,CTriad_g5.g2.g1,2343
3053,ABHPRK__41,2343
593,CTriad_g5.g2.g2,2343
594,CTriad_g5.g2.g3,2343
595,CTriad_g5.g2.g4,2343
3048,ABHPRK__35,2343
596,CTriad_g5.g2.g5,2343
3044,ABHPRK__31,2343
3043,ABHPRK__30,2343
3042,ABHPRK__29,2343
3041,ABHPRK__28,2343
3040,ABHPRK__27,2343
597,CTriad_g5.g2.g6,2343
598,CTriad_g5.g3.g1,2343
599,CTriad_g5.g3.g2,2343
600,CTriad_g5.g3.g3,2343
3031,ABHPRK__16,2343
601,CTriad_g5.g3.g4,2343
602,CTriad_g5.g3.g5,2343
603,CTriad_g5.g3.g6,2343
604,CTriad_g5.g4.g1,2343
605,CTriad_g5.g4.g2,2343
3022,ABHPRK__5,2343
3021,ABHPRK__4,2343
3020,ABHPRK__3,2343
3059,ABHPRK__48,2343
3060,ABHPRK__49,2343
3061,ABHPRK__50,2343
3062,ABHPRK__52,2343
3103,ABHPRK__97,2343
3102,ABHPRK__95,2343
3100,ABHPRK__93,2343
566,CTriad_g4.g3.g4,2343
567,CTriad_g4.g3.g5,2343
568,CTriad_g4.g3.g6,2343
3095,ABHPRK__88,2343
3091,ABHPRK__83,2343
569,CTriad_g4.g4.g1,2343
570,CTriad_g4.g4.g2,2343
572,CTriad_g4.g4.g4,2343
573,CTriad_g4.g4.g5,2343
574,CTriad_g4.g4.g6,2343
575,CTriad_g4.g5.g1,2343
493,CTriad_g2.g3.g3,2343
576,CTriad_g4.g5.g2,2343
578,CTriad_g4.g5.g4,2343
579,CTriad_g4.g5.g5,2343
580,CTriad_g4.g5.g6,2343
581,CTriad_g4.g6.g1,2343
582,CTriad_g4.g6.g2,2343
583,CTriad_g4.g6.g3,2343
584,CTriad_g4.g6.g4,2343
585,CTriad_g4.g6.g5,2343
586,CTriad_g5.g1.g1,2343
587,CTriad_g5.g1.g2,2343
588,CTriad_g5.g1.g3,2343
3065,ABHPRK__55,2343
3064,ABHPRK__54,2343
3063,ABHPRK__53,2343
577,CTriad_g4.g5.g3,2343
3019,ABHPRK__2,2343
492,CTriad_g2.g3.g2,2343
490,CTriad_g2.g2.g6,2343
3357,OVP_Imino_acid_N2,2343
3354,OVP_Tiny_N2,2343
3353,OVP_Aliphatic_N2,2343
26,CKSAAGP_aromatic.aromatic.gap0,2343
3350,OVP_Positive_N2,2343
3348,OVP_Aromatic_N2,2343
3347,OVP_Imino_acid_N1,2343
27,CKSAAGP_aromatic.postivecharger.gap0,2343
28,CKSAAGP_aromatic.negativecharger.gap0,2343
3337,OVPC_Imino_acid,2343
32,CKSAAGP_postivecharger.postivecharger.gap0,2343
36,CKSAAGP_negativecharger.aromatic.gap0,2343
3330,OVPC_Positive,2343
3329,OVPC_Negative,2343
3328,OVPC_Aromatic,2343
53,CKSAAGP_aromatic.negativecharger.gap1,2343
3322,formula_S,2343
76,CKSAAGP_aromatic.aromatic.gap2,2343
77,CKSAAGP_aromatic.postivecharger.gap2,2343
81,CKSAAGP_postivecharger.aromatic.gap2,2343
86,CKSAAGP_negativecharger.aromatic.gap2,2343
88,CKSAAGP_negativecharger.negativecharger.gap2,2343
91,CKSAAGP_uncharger.aromatic.gap2,2343
101,CKSAAGP_aromatic.aromatic.gap3,2343
103,CKSAAGP_aromatic.negativecharger.gap3,2343
106,CKSAAGP_postivecharger.aromatic.gap3,2343
107,CKSAAGP_postivecharger.postivecharger.gap3,2343
111,CKSAAGP_negativecharger.aromatic.gap3,2343
126,CKSAAGP_aromatic.aromatic.gap4,2343
3359,OVP_Negative_N3,2343
128,CKSAAGP_aromatic.negativecharger.gap4,2343
3360,OVP_Positive_N3,2343
3365,OVP_Charged_N3,2343
3415,OVP_Charged_C4,2343
3412,OVP_Hydrophobic_C4,2343
3411,OVP_Polar_C4,2343
3410,OVP_Positive_C4,2343
3409,OVP_Negative_C4,2343
3407,OVP_Imino_acid_C3,2343
3406,OVP_Small_C3,2343
3403,OVP_Aliphatic_C3,2343
4,AAC_C,2343
3400,OVP_Positive_C3,2343
3399,OVP_Negative_C3,2343
3398,OVP_Aromatic_C3,2343
3393,OVP_Aliphatic_C2,2343
3392,OVP_Hydrophobic_C2,2343
8,AAC_H,2343
3390,OVP_Positive_C2,2343
3389,OVP_Negative_C2,2343
3387,OVP_Imino_acid_C1,2343
3385,OVP_Charged_C1,2343
3384,OVP_Tiny_C1,2343
3380,OVP_Positive_C1,2343
3379,OVP_Negative_C1,2343
3378,OVP_Aromatic_C1,2343
3377,OVP_Imino_acid_N4,2343
3374,OVP_Tiny_N4,2343
3370,OVP_Positive_N4,2343
3369,OVP_Negative_N4,2343
3367,OVP_Imino_acid_N3,2343
3366,OVP_Small_N3,2343
3363,OVP_Aliphatic_N3,2343
129,CKSAAGP_aromatic.uncharger.gap4,2343
132,CKSAAGP_postivecharger.postivecharger.gap4,2343
146,CKSAAGP_alphaticr.aromatic.gap5,2343
452,CTriad_g1.g2.g4,2343
453,CTriad_g1.g2.g5,2343
455,CTriad_g1.g3.g1,2343
457,CTriad_g1.g3.g3,2343
458,CTriad_g1.g3.g4,2343
459,CTriad_g1.g3.g5,2343
460,CTriad_g1.g3.g6,2343
463,CTriad_g1.g4.g3,2343
464,CTriad_g1.g4.g4,2343
465,CTriad_g1.g4.g5,2343
466,CTriad_g1.g4.g6,2343
467,CTriad_g1.g5.g1,2343
468,CTriad_g1.g5.g2,2343
469,CTriad_g1.g5.g3,2343
470,CTriad_g1.g5.g4,2343
471,CTriad_g1.g5.g5,2343
472,CTriad_g1.g5.g6,2343
473,CTriad_g1.g6.g1,2343
475,CTriad_g1.g6.g3,2343
476,CTriad_g1.g6.g4,2343
477,CTriad_g1.g6.g5,2343
478,CTriad_g1.g6.g6,2343
479,CTriad_g2.g1.g1,2343
480,CTriad_g2.g1.g2,2343
481,CTriad_g2.g1.g3,2343
483,CTriad_g2.g1.g5,2343
484,CTriad_g2.g1.g6,2343
487,CTriad_g2.g2.g3,2343
488,CTriad_g2.g2.g4,2343
451,CTriad_g1.g2.g3,2343
448,CTriad_g1.g1.g6,2343
447,CTriad_g1.g1.g5,2343
446,CTriad_g1.g1.g4,2343
151,CKSAAGP_aromatic.aromatic.gap5,2343
152,CKSAAGP_aromatic.postivecharger.gap5,2343
153,CKSAAGP_aromatic.negativecharger.gap5,2343
161,CKSAAGP_negativecharger.aromatic.gap5,2343
163,CKSAAGP_negativecharger.negativecharger.gap5,2343
168,CKSAAGP_uncharger.negativecharger.gap5,2343
182,CTDC_hydrophobicity_CASG920101.G1,2343
190,CTDC_hydrophobicity_FASG890101.G3,2343
194,CTDC_polarity.G1,2343
199,CTDC_polarizability.G3,2343
207,CTDC_solventaccess.G2,2343
229,CTDD_hydrophobicity_ARGP820101.2.residue0,2343
295,CTDD_hydrophobicity_ENGD860101.3.residue25,2343
329,CTDD_polarity.1.residue0,2343
491,CTriad_g2.g3.g1,2343
330,CTDD_polarity.1.residue25,2343
332,CTDD_polarity.1.residue75,2343
333,CTDD_polarity.1.residue100,2343
354,CTDD_polarizability.3.residue0,2343
355,CTDD_polarizability.3.residue25,2343
356,CTDD_polarizability.3.residue50,2343
357,CTDD_polarizability.3.residue75,2343
358,CTDD_polarizability.3.residue100,2343
394,CTDD_solventaccess.2.residue0,2343
395,CTDD_solventaccess.2.residue25,2343
396,CTDD_solventaccess.2.residue50,2343
397,CTDD_solventaccess.2.residue75,2343
398,CTDD_solventaccess.2.residue100,2343
443,CTriad_g1.g1.g1,2343
445,CTriad_g1.g1.g3,2343
331,CTDD_polarity.1.residue50,2343
2705,CKSAAP_KG.gap3,2343
3018,ABHPRK__1,2343
607,CTriad_g5.g4.g4,2343
2812,CKSAAP_SY.gap3,2343
2811,CKSAAP_SV.gap3,2343
2810,CKSAAP_ST.gap3,2343
2809,CKSAAP_SS.gap3,2343
2808,CKSAAP_SR.gap3,2343
2807,CKSAAP_SQ.gap3,2343
2806,CKSAAP_SP.gap3,2343
2805,CKSAAP_SN.gap3,2343
2804,CKSAAP_SL.gap3,2343
2803,CKSAAP_SK.gap3,2343
2802,CKSAAP_SI.gap3,2343
2801,CKSAAP_SG.gap3,2343
2800,CKSAAP_SF.gap3,2343
2799,CKSAAP_SE.gap3,2343
2798,CKSAAP_SD.gap3,2343
2796,CKSAAP_RV.gap3,2343
2795,CKSAAP_RT.gap3,2343
2794,CKSAAP_RS.gap3,2343
2793,CKSAAP_RR.gap3,2343
2792,CKSAAP_RQ.gap3,2343
2791,CKSAAP_RP.gap3,2343
2790,CKSAAP_RN.gap3,2343
2789,CKSAAP_RL.gap3,2343
2788,CKSAAP_RK.gap3,2343
2787,CKSAAP_RI.gap3,2343
2786,CKSAAP_RG.gap3,2343
2785,CKSAAP_RE.gap3,2343
2784,CKSAAP_RD.gap3,2343
2783,CKSAAP_RA.gap3,2343
2814,CKSAAP_TD.gap3,2343
2782,CKSAAP_QV.gap3,2343
2815,CKSAAP_TE.gap3,2343
672,DDE_CC,2343
2850,CKSAAP_YK.gap3,2343
2849,CKSAAP_YI.gap3,2343
2848,CKSAAP_YG.gap3,2343
2847,CKSAAP_YE.gap3,2343
2845,CKSAAP_YA.gap3,2343
2844,CKSAAP_VY.gap3,2343
2843,CKSAAP_VV.gap3,2343
2841,CKSAAP_VS.gap3,2343
2840,CKSAAP_VR.gap3,2343
2839,CKSAAP_VQ.gap3,2343
2838,CKSAAP_VP.gap3,2343
2837,CKSAAP_VN.gap3,2343
2836,CKSAAP_VL.gap3,2343
2835,CKSAAP_VK.gap3,2343
2834,CKSAAP_VI.gap3,2343
2833,CKSAAP_VG.gap3,2343
2832,CKSAAP_VF.gap3,2343
2831,CKSAAP_VE.gap3,2343
2830,CKSAAP_VD.gap3,2343
2829,CKSAAP_VA.gap3,2343
2828,CKSAAP_TY.gap3,2343
2826,CKSAAP_TT.gap3,2343
2824,CKSAAP_TR.gap3,2343
2823,CKSAAP_TQ.gap3,2343
2822,CKSAAP_TP.gap3,2343
2821,CKSAAP_TN.gap3,2343
2820,CKSAAP_TL.gap3,2343
2819,CKSAAP_TK.gap3,2343
2818,CKSAAP_TI.gap3,2343
2816,CKSAAP_TF.gap3,2343
2781,CKSAAP_QT.gap3,2343
2780,CKSAAP_QS.gap3,2343
2779,CKSAAP_QR.gap3,2343
2739,CKSAAP_NF.gap3,2343
2738,CKSAAP_NE.gap3,2343
2737,CKSAAP_ND.gap3,2343
2736,CKSAAP_NA.gap3,2343
2735,CKSAAP_ML.gap3,2343
2734,CKSAAP_LY.gap3,2343
2733,CKSAAP_LV.gap3,2343
2732,CKSAAP_LT.gap3,2343
674,DDE_CE,2343
2730,CKSAAP_LR.gap3,2343
2729,CKSAAP_LQ.gap3,2343
2728,CKSAAP_LP.gap3,2343
2727,CKSAAP_LN.gap3,2343
2726,CKSAAP_LM.gap3,2343
2725,CKSAAP_LL.gap3,2343
2724,CKSAAP_LK.gap3,2343
2723,CKSAAP_LI.gap3,2343
2722,CKSAAP_LH.gap3,2343
2721,CKSAAP_LG.gap3,2343
2719,CKSAAP_LE.gap3,2343
2718,CKSAAP_LD.gap3,2343
2717,CKSAAP_LA.gap3,2343
2716,CKSAAP_KY.gap3,2343
2714,CKSAAP_KT.gap3,2343
2712,CKSAAP_KR.gap3,2343
2710,CKSAAP_KP.gap3,2343
2709,CKSAAP_KN.gap3,2343
2708,CKSAAP_KL.gap3,2343
2707,CKSAAP_KK.gap3,2343
2740,CKSAAP_NG.gap3,2343
2741,CKSAAP_NI.gap3,2343
2743,CKSAAP_NL.gap3,2343
2744,CKSAAP_NN.gap3,2343
2778,CKSAAP_QQ.gap3,2343
2777,CKSAAP_QP.gap3,2343
2776,CKSAAP_QN.gap3,2343
2775,CKSAAP_QL.gap3,2343
2774,CKSAAP_QK.gap3,2343
2773,CKSAAP_QI.gap3,2343
2772,CKSAAP_QG.gap3,2343
2771,CKSAAP_QF.gap3,2343
673,DDE_CD,2343
2768,CKSAAP_QA.gap3,2343
2767,CKSAAP_PY.gap3,2343
2765,CKSAAP_PT.gap3,2343
2764,CKSAAP_PS.gap3,2343
2763,CKSAAP_PR.gap3,2343
2229,CKSAAP_PS.gap1,2343
2762,CKSAAP_PQ.gap3,2343
2760,CKSAAP_PN.gap3,2343
2759,CKSAAP_PL.gap3,2343
2758,CKSAAP_PK.gap3,2343
2757,CKSAAP_PI.gap3,2343
2756,CKSAAP_PG.gap3,2343
2754,CKSAAP_PE.gap3,2343
2752,CKSAAP_PA.gap3,2343
2751,CKSAAP_NY.gap3,2343
2750,CKSAAP_NV.gap3,2343
2749,CKSAAP_NT.gap3,2343
2748,CKSAAP_NS.gap3,2343
2747,CKSAAP_NR.gap3,2343
2746,CKSAAP_NQ.gap3,2343
2745,CKSAAP_NP.gap3,2343
2761,CKSAAP_PP.gap3,2343
606,CTriad_g5.g4.g3,2343
2852,CKSAAP_YN.gap3,2343
2854,CKSAAP_YQ.gap3,2343
623,CTriad_g6.g2.g1,2343
624,CTriad_g6.g2.g2,2343
625,CTriad_g6.g2.g3,2343
626,CTriad_g6.g2.g4,2343
627,CTriad_g6.g2.g5,2343
628,CTriad_g6.g2.g6,2343
631,CTriad_g6.g3.g3,2343
632,CTriad_g6.g3.g4,2343
633,CTriad_g6.g3.g5,2343
634,CTriad_g6.g3.g6,2343
635,CTriad_g6.g4.g1,2343
2962,SEP_Y,2343
2961,SEP_W,2343
2960,SEP_V,2343
2959,SEP_T,2343
2958,SEP_S,2343
2957,SEP_R,2343
2956,SEP_Q,2343
2955,SEP_P,2343
2954,SEP_N,2343
2953,SEP_M,2343
2952,SEP_L,2343
2951,SEP_K,2343
2950,SEP_I,2343
2949,SEP_H,2343
2948,SEP_G,2343
2947,SEP_F,2343
2946,SEP_E,2343
2945,SEP_D,2343
622,CTriad_g6.g1.g6,2343
2944,SEP_C,2343
621,CTriad_g6.g1.g5,2343
2981,QSO3_SC_W,2343
608,CTriad_g5.g5.g1,2343
3014,Aromaticity,2343
609,CTriad_g5.g5.g2,2343
610,CTriad_g5.g5.g3,2343
611,CTriad_g5.g5.g4,2343
612,CTriad_g5.g6.g1,2343
613,CTriad_g5.g6.g2,2343
3008,Length,2343
3007,QSO3_G3,2343
3006,QSO3_G2,2343
3005,QSO3_G1,2343
614,CTriad_g5.g6.g3,2343
615,CTriad_g5.g6.g4,2343
616,CTriad_g5.g6.g5,2343
3000,QSO3_G_Y,2343
2998,QSO3_G_S,2343
2997,QSO3_G_P,2343
2996,QSO3_G_F,2343
2995,QSO3_G_M,2343
2992,QSO3_G_I,2343
2991,QSO3_G_H,2343
2990,QSO3_G_G,2343
2989,QSO3_G_E,2343
2988,QSO3_G_Q,2343
2987,QSO3_G_D,2343
2986,QSO3_G_N,2343
2985,QSO3_G_R,2343
2984,QSO3_G_A,2343
618,CTriad_g6.g1.g2,2343
619,CTriad_g6.g1.g3,2343
2943,SEP_A,2343
2942,SER_Y,2343
2941,SER_W,2343
2903,RRI_A,2343
636,CTriad_g6.g4.g2,2343
637,CTriad_g6.g4.g3,2343
638,CTriad_g6.g4.g4,2343
639,CTriad_g6.g4.g6,2343
640,CTriad_g6.g5.g1,2343
642,CTriad_g6.g5.g3,2343
643,CTriad_g6.g5.g5,2343
644,CTriad_g6.g5.g6,2343
646,CTriad_g6.g6.g2,2343
648,CTriad_g6.g6.g4,2343
649,CTriad_g6.g6.g5,2343
650,CTriad_g6.g6.g6,2343
652,DDE_AC,2343
655,DDE_AF,2343
657,DDE_AH,2343
2877,PAAC_Xc1.W,2343
661,DDE_AM,2343
663,DDE_AP,2343
664,DDE_AQ,2343
666,DDE_AS,2343
669,DDE_AW,2343
670,DDE_AY,2343
671,DDE_CA,2343
2859,CKSAAP_YY.gap3,2343
2858,CKSAAP_YV.gap3,2343
2857,CKSAAP_YT.gap3,2343
2856,CKSAAP_YS.gap3,2343
2855,CKSAAP_YR.gap3,2343
2904,RRI_C,2343
2905,RRI_D,2343
2906,RRI_E,2343
2907,RRI_F,2343
2940,SER_V,2343
2939,SER_T,2343
2938,SER_S,2343
2937,SER_R,2343
2935,SER_P,2343
2934,SER_N,2343
2933,SER_M,2343
2932,SER_L,2343
2931,SER_K,2343
2930,SER_I,2343
2929,SER_H,2343
2928,SER_G,2343
2927,SER_F,2343
2926,SER_E,2343
2853,CKSAAP_YP.gap3,2343
2925,SER_D,2343
2923,SER_A,2343
2922,RRI_Y,2343
2921,RRI_W,2343
2920,RRI_V,2343
2919,RRI_T,2343
2918,RRI_S,2343
2917,RRI_R,2343
2916,RRI_Q,2343
2914,RRI_N,2343
2913,RRI_M,2343
2912,RRI_L,2343
2911,RRI_K,2343
2909,RRI_H,2343
2908,RRI_G,2343
2924,SER_C,2343
2228,CKSAAP_PR.gap1,2343
858,DDE_MI,2343
2226,CKSAAP_PP.gap1,2343
1332,GAAC_negativecharge,2343
812,DDE_KC,2343
1334,GDPC_alphaticr.alphaticr,2343
1335,GDPC_alphaticr.aromatic,2343
1336,GDPC_alphaticr.postivecharger,2343
1337,GDPC_alphaticr.negativecharger,2343
1328,DPC_YY,2343
1338,GDPC_alphaticr.uncharger,2343
1340,GDPC_aromatic.aromatic,2343
1341,GDPC_aromatic.postivecharger,2343
1342,GDPC_aromatic.negativecharger,2343
1343,GDPC_aromatic.uncharger,2343
1344,GDPC_postivecharger.alphaticr,2343
1345,GDPC_postivecharger.aromatic,2343
1339,GDPC_aromatic.alphaticr,2343
1327,DPC_YV,2343
1326,DPC_YT,2343
1325,DPC_YS,2343
1310,DPC_VT,2343
1311,DPC_VV,2343
1312,DPC_VY,2343
1313,DPC_YA,2343
1314,DPC_YD,2343
1315,DPC_YE,2343
1316,DPC_YF,2343
1317,DPC_YG,2343
1318,DPC_YI,2343
1319,DPC_YK,2343
1320,DPC_YL,2343
1321,DPC_YN,2343
1322,DPC_YP,2343
1323,DPC_YQ,2343
1324,DPC_YR,2343
1346,GDPC_postivecharger.postivecharger,2343
1309,DPC_VS,2343
1347,GDPC_postivecharger.negativecharger,2343
1349,GDPC_negativecharger.alphaticr,2343
1376,GTPC_alphaticr.negativecharger.postivecharger,2343
1377,GTPC_alphaticr.negativecharger.negativecharger,2343
1378,GTPC_alphaticr.negativecharger.uncharger,2343
1384,GTPC_aromatic.alphaticr.alphaticr,2343
1385,GTPC_aromatic.alphaticr.aromatic,2343
1386,GTPC_aromatic.alphaticr.postivecharger,2343
1375,GTPC_alphaticr.negativecharger.aromatic,2343
1387,GTPC_aromatic.alphaticr.negativecharger,2343
1390,GTPC_aromatic.aromatic.postivecharger,2343
1391,GTPC_aromatic.aromatic.uncharger,2343
1393,GTPC_aromatic.postivecharger.postivecharger,2343
1394,GTPC_aromatic.postivecharger.uncharger,2343
1395,GTPC_aromatic.negativecharger.alphaticr,2343
1396,GTPC_aromatic.negativecharger.postivecharger,2343
1388,GTPC_aromatic.alphaticr.uncharger,2343
1372,GTPC_alphaticr.postivecharger.negativecharger,2343
1370,GTPC_alphaticr.postivecharger.aromatic,2343
808,DDE_IV,2343
1350,GDPC_negativecharger.aromatic,2343
1351,GDPC_negativecharger.postivecharger,2343
1352,GDPC_negativecharger.negativecharger,2343
1353,GDPC_negativecharger.uncharger,2343
1354,GDPC_uncharger.alphaticr,2343
1355,GDPC_uncharger.aromatic,2343
1356,GDPC_uncharger.postivecharger,2343
1357,GDPC_uncharger.negativecharger,2343
1358,GDPC_uncharger.uncharger,2343
810,DDE_IY,2343
809,DDE_IW,2343
1364,GTPC_alphaticr.aromatic.alphaticr,2343
1365,GTPC_alphaticr.aromatic.aromatic,2343
1366,GTPC_alphaticr.aromatic.postivecharger,2343
1368,GTPC_alphaticr.aromatic.uncharger,2343
1348,GDPC_postivecharger.uncharger,2343
1397,GTPC_aromatic.negativecharger.negativecharger,2343
1308,DPC_VR,2343
1306,DPC_VP,2343
1253,DPC_RK,2343
1254,DPC_RL,2343
1255,DPC_RN,2343
1256,DPC_RP,2343
1257,DPC_RQ,2343
1258,DPC_RR,2343
1252,DPC_RI,2343
1259,DPC_RS,2343
1261,DPC_RV,2343
1262,DPC_RY,2343
1263,DPC_SA,2343
1264,DPC_SD,2343
1265,DPC_SE,2343
1266,DPC_SF,2343
1260,DPC_RT,2343
1251,DPC_RH,2343
1250,DPC_RG,2343
1249,DPC_RF,2343
1234,DPC_QG,2343
1235,DPC_QI,2343
1236,DPC_QK,2343
1237,DPC_QL,2343
1238,DPC_QN,2343
1239,DPC_QP,2343
1240,DPC_QQ,2343
1241,DPC_QR,2343
1242,DPC_QS,2343
1243,DPC_QT,2343
1244,DPC_QV,2343
1245,DPC_QY,2343
1246,DPC_RA,2343
1247,DPC_RD,2343
1248,DPC_RE,2343
1267,DPC_SG,2343
1307,DPC_VQ,2343
1268,DPC_SH,2343
1270,DPC_SK,2343
1292,DPC_TS,2343
1293,DPC_TT,2343
1294,DPC_TV,2343
1295,DPC_TY,2343
1296,DPC_VA,2343
1297,DPC_VD,2343
1291,DPC_TR,2343
1298,DPC_VE,2343
1300,DPC_VG,2343
1301,DPC_VH,2343
1302,DPC_VI,2343
1303,DPC_VK,2343
1304,DPC_VL,2343
1305,DPC_VN,2343
1299,DPC_VF,2343
1290,DPC_TQ,2343
1289,DPC_TP,2343
1288,DPC_TN,2343
1272,DPC_SN,2343
1273,DPC_SP,2343
1275,DPC_SR,2343
1276,DPC_SS,2343
1277,DPC_ST,2343
1278,DPC_SV,2343
1279,DPC_SY,2343
1280,DPC_TA,2343
1281,DPC_TD,2343
1282,DPC_TE,2343
1283,DPC_TF,2343
1284,DPC_TG,2343
1285,DPC_TI,2343
1286,DPC_TK,2343
1287,DPC_TL,2343
1269,DPC_SI,2343
1398,GTPC_aromatic.negativecharger.uncharger,2343
1400,GTPC_aromatic.uncharger.aromatic,2343
1401,GTPC_aromatic.uncharger.postivecharger,2343
1518,KSCTriad_g2.g2.g1.gap0,2343
1519,KSCTriad_g2.g2.g2.gap0,2343
1520,KSCTriad_g2.g2.g3.gap0,2343
1521,KSCTriad_g2.g2.g4.gap0,2343
1522,KSCTriad_g2.g2.g5.gap0,2343
1523,KSCTriad_g2.g2.g6.gap0,2343
1517,KSCTriad_g2.g1.g6.gap0,2343
1524,KSCTriad_g2.g3.g1.gap0,2343
1526,KSCTriad_g2.g3.g3.gap0,2343
1527,KSCTriad_g2.g3.g4.gap0,2343
1528,KSCTriad_g2.g3.g5.gap0,2343
1529,KSCTriad_g2.g3.g6.gap0,2343
1530,KSCTriad_g2.g4.g1.gap0,2343
1531,KSCTriad_g2.g4.g2.gap0,2343
1525,KSCTriad_g2.g3.g2.gap0,2343
1516,KSCTriad_g2.g1.g5.gap0,2343
1515,KSCTriad_g2.g1.g4.gap0,2343
1514,KSCTriad_g2.g1.g3.gap0,2343
1499,KSCTriad_g1.g4.g6.gap0,2343
1500,KSCTriad_g1.g5.g1.gap0,2343
1501,KSCTriad_g1.g5.g2.gap0,2343
1502,KSCTriad_g1.g5.g3.gap0,2343
1503,KSCTriad_g1.g5.g4.gap0,2343
1504,KSCTriad_g1.g5.g5.gap0,2343
1505,KSCTriad_g1.g5.g6.gap0,2343
1506,KSCTriad_g1.g6.g1.gap0,2343
1507,KSCTriad_g1.g6.g2.gap0,2343
1508,KSCTriad_g1.g6.g3.gap0,2343
1509,KSCTriad_g1.g6.g4.gap0,2343
1510,KSCTriad_g1.g6.g5.gap0,2343
1511,KSCTriad_g1.g6.g6.gap0,2343
1512,KSCTriad_g2.g1.g1.gap0,2343
1513,KSCTriad_g2.g1.g2.gap0,2343
1532,KSCTriad_g2.g4.g3.gap0,2343
1498,KSCTriad_g1.g4.g5.gap0,2343
1533,KSCTriad_g2.g4.g4.gap0,2343
1535,KSCTriad_g2.g4.g6.gap0,2343
1555,KSCTriad_g3.g2.g2.gap0,2343
1556,KSCTriad_g3.g2.g3.gap0,2343
1557,KSCTriad_g3.g2.g4.gap0,2343
1558,KSCTriad_g3.g2.g5.gap0,2343
1559,KSCTriad_g3.g2.g6.gap0,2343
1560,KSCTriad_g3.g3.g1.gap0,2343
1554,KSCTriad_g3.g2.g1.gap0,2343
1561,KSCTriad_g3.g3.g2.gap0,2343
1563,KSCTriad_g3.g3.g4.gap0,2343
1564,KSCTriad_g3.g3.g5.gap0,2343
1565,KSCTriad_g3.g3.g6.gap0,2343
1566,KSCTriad_g3.g4.g1.gap0,2343
1567,KSCTriad_g3.g4.g2.gap0,2343
1568,KSCTriad_g3.g4.g3.gap0,2343
1562,KSCTriad_g3.g3.g3.gap0,2343
1553,KSCTriad_g3.g1.g6.gap0,2343
1552,KSCTriad_g3.g1.g5.gap0,2343
1551,KSCTriad_g3.g1.g4.gap0,2343
1536,KSCTriad_g2.g5.g1.gap0,2343
1537,KSCTriad_g2.g5.g2.gap0,2343
1538,KSCTriad_g2.g5.g3.gap0,2343
1539,KSCTriad_g2.g5.g4.gap0,2343
1540,KSCTriad_g2.g5.g5.gap0,2343
1541,KSCTriad_g2.g5.g6.gap0,2343
1542,KSCTriad_g2.g6.g1.gap0,2343
1543,KSCTriad_g2.g6.g2.gap0,2343
1544,KSCTriad_g2.g6.g3.gap0,2343
1545,KSCTriad_g2.g6.g4.gap0,2343
1546,KSCTriad_g2.g6.g5.gap0,2343
1547,KSCTriad_g2.g6.g6.gap0,2343
1548,KSCTriad_g3.g1.g1.gap0,2343
1549,KSCTriad_g3.g1.g2.gap0,2343
1550,KSCTriad_g3.g1.g3.gap0,2343
1534,KSCTriad_g2.g4.g5.gap0,2343
1497,KSCTriad_g1.g4.g4.gap0,2343
1496,KSCTriad_g1.g4.g3.gap0,2343
1495,KSCTriad_g1.g4.g2.gap0,2343
1430,GTPC_negativecharger.alphaticr.negativecharger,2343
1431,GTPC_negativecharger.alphaticr.uncharger,2343
1432,GTPC_negativecharger.aromatic.alphaticr,2343
1433,GTPC_negativecharger.aromatic.postivecharger,2343
1434,GTPC_negativecharger.aromatic.negativecharger,2343
1435,GTPC_negativecharger.aromatic.uncharger,2343
1429,GTPC_negativecharger.alphaticr.postivecharger,2343
1436,GTPC_negativecharger.postivecharger.alphaticr,2343
1438,GTPC_negativecharger.postivecharger.postivecharger,2343
1439,GTPC_negativecharger.postivecharger.negativecharger,2343
1440,GTPC_negativecharger.postivecharger.uncharger,2343
1441,GTPC_negativecharger.negativecharger.alphaticr,2343
1442,GTPC_negativecharger.negativecharger.aromatic,2343
1443,GTPC_negativecharger.negativecharger.postivecharger,2343
1437,GTPC_negativecharger.postivecharger.aromatic,2343
1428,GTPC_negativecharger.alphaticr.aromatic,2343
1425,GTPC_postivecharger.uncharger.negativecharger,2343
1424,GTPC_postivecharger.uncharger.postivecharger,2343
1402,GTPC_aromatic.uncharger.negativecharger,2343
1403,GTPC_aromatic.uncharger.uncharger,2343
1405,GTPC_postivecharger.alphaticr.aromatic,2343
1407,GTPC_postivecharger.alphaticr.negativecharger,2343
1410,GTPC_postivecharger.aromatic.aromatic,2343
1411,GTPC_postivecharger.aromatic.negativecharger,2343
1412,GTPC_postivecharger.aromatic.uncharger,2343
1414,GTPC_postivecharger.postivecharger.aromatic,2343
1415,GTPC_postivecharger.postivecharger.postivecharger,2343
1416,GTPC_postivecharger.postivecharger.negativecharger,2343
1418,GTPC_postivecharger.negativecharger.alphaticr,2343
1420,GTPC_postivecharger.negativecharger.negativecharger,2343
1421,GTPC_postivecharger.negativecharger.uncharger,2343
804,DDE_IQ,2343
1423,GTPC_postivecharger.uncharger.aromatic,2343
1444,GTPC_negativecharger.negativecharger.negativecharger,2343
1445,GTPC_negativecharger.negativecharger.uncharger,2343
1447,GTPC_negativecharger.uncharger.aromatic,2343
1448,GTPC_negativecharger.uncharger.postivecharger,2343
1480,KSCTriad_g1.g1.g5.gap0,2343
1481,KSCTriad_g1.g1.g6.gap0,2343
1482,KSCTriad_g1.g2.g1.gap0,2343
1483,KSCTriad_g1.g2.g2.gap0,2343
1484,KSCTriad_g1.g2.g3.gap0,2343
1485,KSCTriad_g1.g2.g4.gap0,2343
1486,KSCTriad_g1.g2.g5.gap0,2343
1487,KSCTriad_g1.g2.g6.gap0,2343
1488,KSCTriad_g1.g3.g1.gap0,2343
1489,KSCTriad_g1.g3.g2.gap0,2343
1490,KSCTriad_g1.g3.g3.gap0,2343
1491,KSCTriad_g1.g3.g4.gap0,2343
1492,KSCTriad_g1.g3.g5.gap0,2343
1493,KSCTriad_g1.g3.g6.gap0,2343
1494,KSCTriad_g1.g4.g1.gap0,2343
1479,KSCTriad_g1.g1.g4.gap0,2343
1233,DPC_QF,2343
1478,KSCTriad_g1.g1.g3.gap0,2343
1476,KSCTriad_g1.g1.g1.gap0,2343
1449,GTPC_negativecharger.uncharger.negativecharger,2343
1453,GTPC_uncharger.alphaticr.postivecharger,2343
1457,GTPC_uncharger.aromatic.aromatic,2343
1458,GTPC_uncharger.aromatic.postivecharger,2343
1459,GTPC_uncharger.aromatic.negativecharger,2343
1462,GTPC_uncharger.postivecharger.aromatic,2343
1463,GTPC_uncharger.postivecharger.postivecharger,2343
1464,GTPC_uncharger.postivecharger.negativecharger,2343
1467,GTPC_uncharger.negativecharger.aromatic,2343
1468,GTPC_uncharger.negativecharger.postivecharger,2343
1469,GTPC_uncharger.negativecharger.negativecharger,2343
802,DDE_IN,2343
1473,GTPC_uncharger.uncharger.postivecharger,2343
1474,GTPC_uncharger.uncharger.negativecharger,2343
1475,GTPC_uncharger.uncharger.uncharger,2343
1477,KSCTriad_g1.g1.g2.gap0,2343
1232,DPC_QE,2343
1231,DPC_QD,2343
1230,DPC_QA,2343
1016,DDE_WG,2343
1017,DDE_WH,2343
1019,DDE_WK,2343
1020,DDE_WL,2343
1021,DDE_WM,2343
1022,DDE_WN,2343
1015,DDE_WF,2343
1023,DDE_WP,2343
1025,DDE_WR,2343
1026,DDE_WS,2343
1027,DDE_WT,2343
1029,DDE_WW,2343
1032,DDE_YC,2343
1034,DDE_YE,2343
1024,DDE_WQ,2343
1014,DDE_WE,2343
1012,DDE_WC,2343
1011,DDE_WA,2343
981,DDE_TM,2343
986,DDE_TS,2343
987,DDE_TT,2343
826,DDE_KS,2343
990,DDE_TY,2343
992,DDE_VC,2343
824,DDE_KQ,2343
822,DDE_KN,2343
997,DDE_VH,2343
998,DDE_VI,2343
1001,DDE_VM,2343
1003,DDE_VP,2343
1004,DDE_VQ,2343
1007,DDE_VT,2343
1009,DDE_VW,2343
1035,DDE_YF,2343
980,DDE_TL,2343
1037,DDE_YH,2343
1042,DDE_YN,2343
1065,DPC_AS,2343
1066,DPC_AT,2343
1067,DPC_AV,2343
1068,DPC_AY,2343
1069,DPC_CG,2343
1070,DPC_DA,2343
1064,DPC_AR,2343
1071,DPC_DD,2343
1073,DPC_DF,2343
1074,DPC_DG,2343
1075,DPC_DI,2343
1076,DPC_DK,2343
1077,DPC_DL,2343
1078,DPC_DN,2343
1072,DPC_DE,2343
1063,DPC_AQ,2343
1062,DPC_AP,2343
1061,DPC_AN,2343
1043,DDE_YP,2343
1044,DDE_YQ,2343
816,DDE_KG,2343
1049,DDE_YW,2343
1050,DDE_YY,2343
1051,DPC_AA,2343
1052,DPC_AD,2343
1053,DPC_AE,2343
1054,DPC_AF,2343
1055,DPC_AG,2343
1056,DPC_AH,2343
1057,DPC_AI,2343
1058,DPC_AK,2343
1059,DPC_AL,2343
1060,DPC_AM,2343
1041,DDE_YM,2343
979,DDE_TK,2343
977,DDE_TH,2343
976,DDE_TG,2343
852,DDE_MC,2343
892,DDE_PC,2343
894,DDE_PE,2343
895,DDE_PF,2343
896,DDE_PG,2343
849,DDE_LW,2343
889,DDE_NW,2343
898,DDE_PI,2343
901,DDE_PM,2343
902,DDE_PN,2343
905,DDE_PR,2343
909,DDE_PW,2343
910,DDE_PY,2343
911,DDE_QA,2343
899,DDE_PK,2343
883,DDE_NP,2343
881,DDE_NM,2343
855,DDE_MF,2343
859,DDE_MK,2343
861,DDE_MM,2343
862,DDE_MN,2343
863,DDE_MP,2343
856,DDE_MG,2343
865,DDE_MR,2343
867,DDE_MT,2343
869,DDE_MW,2343
870,DDE_MY,2343
871,DDE_NA,2343
872,DDE_NC,2343
873,DDE_ND,2343
876,DDE_NG,2343
878,DDE_NI,2343
879,DDE_NK,2343
912,DDE_QC,2343
915,DDE_QF,2343
917,DDE_QH,2343
845,DDE_LR,2343
952,DDE_SC,2343
955,DDE_SF,2343
957,DDE_SH,2343
837,DDE_LH,2343
835,DDE_LF,2343
961,DDE_SM,2343
832,DDE_LC,2343
830,DDE_KY,2343
968,DDE_SV,2343
970,DDE_SY,2343
971,DDE_TA,2343
972,DDE_TC,2343
973,DDE_TD,2343
829,DDE_KW,2343
975,DDE_TF,2343
950,DDE_RY,2343
1079,DPC_DP,2343
949,DDE_RW,2343
947,DDE_RT,2343
921,DDE_QM,2343
923,DDE_QP,2343
924,DDE_QQ,2343
926,DDE_QS,2343
844,DDE_LQ,2343
928,DDE_QV,2343
929,DDE_QW,2343
930,DDE_QY,2343
931,DDE_RA,2343
841,DDE_LM,2343
937,DDE_RH,2343
838,DDE_LI,2343
941,DDE_RM,2343
942,DDE_RN,2343
943,DDE_RP,2343
948,DDE_RV,2343
1569,KSCTriad_g3.g4.g4.gap0,2343
1080,DPC_DQ,2343
1082,DPC_DS,2343
1179,DPC_LF,2343
1180,DPC_LG,2343
1181,DPC_LH,2343
1182,DPC_LI,2343
1183,DPC_LK,2343
1184,DPC_LL,2343
1178,DPC_LE,2343
1185,DPC_LM,2343
1187,DPC_LP,2343
1188,DPC_LQ,2343
1189,DPC_LR,2343
1190,DPC_LS,2343
1191,DPC_LT,2343
1192,DPC_LV,2343
1186,DPC_LN,2343
1177,DPC_LD,2343
1176,DPC_LA,2343
1175,DPC_KY,2343
1160,DPC_KE,2343
1161,DPC_KF,2343
1162,DPC_KG,2343
1163,DPC_KH,2343
1164,DPC_KI,2343
1165,DPC_KK,2343
1166,DPC_KL,2343
1167,DPC_KM,2343
1168,DPC_KN,2343
1169,DPC_KP,2343
1170,DPC_KQ,2343
1171,DPC_KR,2343
1172,DPC_KS,2343
1173,DPC_KT,2343
1174,DPC_KV,2343
1193,DPC_LY,2343
1159,DPC_KD,2343
1194,DPC_MA,2343
1196,DPC_ML,2343
1216,DPC_PE,2343
1217,DPC_PF,2343
1218,DPC_PG,2343
1219,DPC_PI,2343
1220,DPC_PK,2343
1221,DPC_PL,2343
1215,DPC_PD,2343
1222,DPC_PN,2343
1224,DPC_PQ,2343
1225,DPC_PR,2343
1226,DPC_PS,2343
1227,DPC_PT,2343
1228,DPC_PV,2343
1229,DPC_PY,2343
1223,DPC_PP,2343
1214,DPC_PA,2343
1213,DPC_NY,2343
1212,DPC_NV,2343
1197,DPC_MV,2343
1198,DPC_NA,2343
1199,DPC_ND,2343
1200,DPC_NE,2343
1201,DPC_NF,2343
1202,DPC_NG,2343
1203,DPC_NI,2343
1204,DPC_NK,2343
1205,DPC_NL,2343
1206,DPC_NN,2343
1207,DPC_NP,2343
1208,DPC_NQ,2343
1209,DPC_NR,2343
1210,DPC_NS,2343
1211,DPC_NT,2343
1195,DPC_ME,2343
1157,DPC_IY,2343
1156,DPC_IV,2343
1155,DPC_IT,2343
1102,DPC_FA,2343
1103,DPC_FD,2343
1104,DPC_FE,2343
1105,DPC_FF,2343
1106,DPC_FG,2343
1107,DPC_FI,2343
1101,DPC_EY,2343
1108,DPC_FK,2343
1110,DPC_FN,2343
1111,DPC_FP,2343
1112,DPC_FQ,2343
1113,DPC_FR,2343
1114,DPC_FS,2343
1115,DPC_FT,2343
1109,DPC_FL,2343
1100,DPC_EV,2343
1099,DPC_ET,2343
1098,DPC_ES,2343
1083,DPC_DT,2343
1084,DPC_DV,2343
1085,DPC_DY,2343
1086,DPC_EA,2343
1087,DPC_ED,2343
1088,DPC_EE,2343
1089,DPC_EF,2343
1090,DPC_EG,2343
1091,DPC_EI,2343
1092,DPC_EK,2343
1093,DPC_EL,2343
1094,DPC_EN,2343
1095,DPC_EP,2343
1096,DPC_EQ,2343
1097,DPC_ER,2343
1116,DPC_FV,2343
1117,DPC_FY,2343
1118,DPC_GA,2343
1119,DPC_GD,2343
1139,DPC_HS,2343
1140,DPC_HV,2343
1141,DPC_IA,2343
1142,DPC_ID,2343
1143,DPC_IE,2343
1144,DPC_IF,2343
1145,DPC_IG,2343
1146,DPC_IH,2343
1147,DPC_II,2343
1148,DPC_IK,2343
1149,DPC_IL,2343
1150,DPC_IN,2343
1151,DPC_IP,2343
1152,DPC_IQ,2343
1153,DPC_IR,2343
1138,DPC_HL,2343
1081,DPC_DR,2343
1137,DPC_HG,2343
1135,DPC_GY,2343
1120,DPC_GE,2343
1121,DPC_GF,2343
1122,DPC_GG,2343
1123,DPC_GH,2343
1124,DPC_GI,2343
1125,DPC_GK,2343
1126,DPC_GL,2343
1127,DPC_GM,2343
1128,DPC_GN,2343
1129,DPC_GP,2343
1130,DPC_GQ,2343
1131,DPC_GR,2343
1132,DPC_GS,2343
1133,DPC_GT,2343
1134,DPC_GV,2343
1136,DPC_HA,2343
1570,KSCTriad_g3.g4.g5.gap0,2343
1571,KSCTriad_g3.g4.g6.gap0,2343
1572,KSCTriad_g3.g5.g1.gap0,2343
2003,CKSAAP_SN.gap0,2343
2004,CKSAAP_SP.gap0,2343
2005,CKSAAP_SQ.gap0,2343
2006,CKSAAP_SR.gap0,2343
2007,CKSAAP_SS.gap0,2343
2008,CKSAAP_ST.gap0,2343
2002,CKSAAP_SL.gap0,2343
2009,CKSAAP_SV.gap0,2343
2011,CKSAAP_TA.gap0,2343
2012,CKSAAP_TD.gap0,2343
2013,CKSAAP_TE.gap0,2343
2014,CKSAAP_TF.gap0,2343
2015,CKSAAP_TG.gap0,2343
2016,CKSAAP_TI.gap0,2343
2010,CKSAAP_SY.gap0,2343
2001,CKSAAP_SK.gap0,2343
2000,CKSAAP_SI.gap0,2343
1999,CKSAAP_SH.gap0,2343
1984,CKSAAP_RK.gap0,2343
1985,CKSAAP_RL.gap0,2343
1986,CKSAAP_RN.gap0,2343
1987,CKSAAP_RP.gap0,2343
1988,CKSAAP_RQ.gap0,2343
1989,CKSAAP_RR.gap0,2343
1990,CKSAAP_RS.gap0,2343
1991,CKSAAP_RT.gap0,2343
1992,CKSAAP_RV.gap0,2343
1993,CKSAAP_RY.gap0,2343
1994,CKSAAP_SA.gap0,2343
1995,CKSAAP_SD.gap0,2343
1996,CKSAAP_SE.gap0,2343
1997,CKSAAP_SF.gap0,2343
1998,CKSAAP_SG.gap0,2343
2017,CKSAAP_TK.gap0,2343
1983,CKSAAP_RI.gap0,2343
2018,CKSAAP_TL.gap0,2343
2020,CKSAAP_TP.gap0,2343
2040,CKSAAP_VS.gap0,2343
2041,CKSAAP_VT.gap0,2343
2042,CKSAAP_VV.gap0,2343
2043,CKSAAP_VY.gap0,2343
2044,CKSAAP_YA.gap0,2343
2045,CKSAAP_YD.gap0,2343
2039,CKSAAP_VR.gap0,2343
2046,CKSAAP_YE.gap0,2343
2048,CKSAAP_YG.gap0,2343
2049,CKSAAP_YI.gap0,2343
2050,CKSAAP_YK.gap0,2343
2051,CKSAAP_YL.gap0,2343
2052,CKSAAP_YN.gap0,2343
2053,CKSAAP_YP.gap0,2343
2047,CKSAAP_YF.gap0,2343
2038,CKSAAP_VQ.gap0,2343
2037,CKSAAP_VP.gap0,2343
2036,CKSAAP_VN.gap0,2343
2021,CKSAAP_TQ.gap0,2343
2022,CKSAAP_TR.gap0,2343
2023,CKSAAP_TS.gap0,2343
2024,CKSAAP_TT.gap0,2343
2025,CKSAAP_TV.gap0,2343
2026,CKSAAP_TY.gap0,2343
2027,CKSAAP_VA.gap0,2343
2028,CKSAAP_VD.gap0,2343
2029,CKSAAP_VE.gap0,2343
2030,CKSAAP_VF.gap0,2343
2031,CKSAAP_VG.gap0,2343
2032,CKSAAP_VH.gap0,2343
2033,CKSAAP_VI.gap0,2343
2034,CKSAAP_VK.gap0,2343
2035,CKSAAP_VL.gap0,2343
2019,CKSAAP_TN.gap0,2343
1982,CKSAAP_RH.gap0,2343
1981,CKSAAP_RG.gap0,2343
1980,CKSAAP_RF.gap0,2343
1928,CKSAAP_MV.gap0,2343
1929,CKSAAP_NA.gap0,2343
1930,CKSAAP_ND.gap0,2343
1931,CKSAAP_NE.gap0,2343
1932,CKSAAP_NF.gap0,2343
1933,CKSAAP_NG.gap0,2343
1927,CKSAAP_ML.gap0,2343
1934,CKSAAP_NI.gap0,2343
1936,CKSAAP_NL.gap0,2343
1937,CKSAAP_NN.gap0,2343
1938,CKSAAP_NP.gap0,2343
1939,CKSAAP_NQ.gap0,2343
1940,CKSAAP_NR.gap0,2343
1941,CKSAAP_NS.gap0,2343
1935,CKSAAP_NK.gap0,2343
1926,CKSAAP_ME.gap0,2343
1925,CKSAAP_MA.gap0,2343
1924,CKSAAP_LY.gap0,2343
1909,CKSAAP_LE.gap0,2343
1910,CKSAAP_LF.gap0,2343
1911,CKSAAP_LG.gap0,2343
1912,CKSAAP_LH.gap0,2343
1913,CKSAAP_LI.gap0,2343
1914,CKSAAP_LK.gap0,2343
1915,CKSAAP_LL.gap0,2343
1916,CKSAAP_LM.gap0,2343
1917,CKSAAP_LN.gap0,2343
1918,CKSAAP_LP.gap0,2343
1919,CKSAAP_LQ.gap0,2343
1920,CKSAAP_LR.gap0,2343
1921,CKSAAP_LS.gap0,2343
1922,CKSAAP_LT.gap0,2343
1923,CKSAAP_LV.gap0,2343
1942,CKSAAP_NT.gap0,2343
1943,CKSAAP_NV.gap0,2343
1944,CKSAAP_NY.gap0,2343
1945,CKSAAP_PA.gap0,2343
1965,CKSAAP_QG.gap0,2343
1966,CKSAAP_QI.gap0,2343
1967,CKSAAP_QK.gap0,2343
1968,CKSAAP_QL.gap0,2343
1969,CKSAAP_QN.gap0,2343
1970,CKSAAP_QP.gap0,2343
1971,CKSAAP_QQ.gap0,2343
1972,CKSAAP_QR.gap0,2343
1973,CKSAAP_QS.gap0,2343
1974,CKSAAP_QT.gap0,2343
1975,CKSAAP_QV.gap0,2343
1976,CKSAAP_QY.gap0,2343
1977,CKSAAP_RA.gap0,2343
1978,CKSAAP_RD.gap0,2343
1979,CKSAAP_RE.gap0,2343
1964,CKSAAP_QF.gap0,2343
2054,CKSAAP_YQ.gap0,2343
1963,CKSAAP_QE.gap0,2343
1961,CKSAAP_QA.gap0,2343
1946,CKSAAP_PD.gap0,2343
1947,CKSAAP_PE.gap0,2343
1948,CKSAAP_PF.gap0,2343
1949,CKSAAP_PG.gap0,2343
1950,CKSAAP_PI.gap0,2343
1951,CKSAAP_PK.gap0,2343
1952,CKSAAP_PL.gap0,2343
1953,CKSAAP_PN.gap0,2343
1954,CKSAAP_PP.gap0,2343
1955,CKSAAP_PQ.gap0,2343
1956,CKSAAP_PR.gap0,2343
1957,CKSAAP_PS.gap0,2343
1958,CKSAAP_PT.gap0,2343
1959,CKSAAP_PV.gap0,2343
1960,CKSAAP_PY.gap0,2343
1962,CKSAAP_QD.gap0,2343
1908,CKSAAP_LD.gap0,2343
2055,CKSAAP_YR.gap0,2343
2057,CKSAAP_YT.gap0,2343
2167,CKSAAP_KG.gap1,2343
2168,CKSAAP_KI.gap1,2343
2169,CKSAAP_KK.gap1,2343
2170,CKSAAP_KL.gap1,2343
2171,CKSAAP_KM.gap1,2343
2172,CKSAAP_KN.gap1,2343
2166,CKSAAP_KF.gap1,2343
2174,CKSAAP_KQ.gap1,2343
2176,CKSAAP_KS.gap1,2343
2179,CKSAAP_KY.gap1,2343
2180,CKSAAP_LA.gap1,2343
2181,CKSAAP_LC.gap1,2343
2182,CKSAAP_LD.gap1,2343
2183,CKSAAP_LE.gap1,2343
2175,CKSAAP_KR.gap1,2343
2165,CKSAAP_KE.gap1,2343
2162,CKSAAP_IY.gap1,2343
2161,CKSAAP_IV.gap1,2343
2144,CKSAAP_HS.gap1,2343
2145,CKSAAP_HV.gap1,2343
2147,CKSAAP_ID.gap1,2343
2148,CKSAAP_IE.gap1,2343
2149,CKSAAP_IF.gap1,2343
2150,CKSAAP_IG.gap1,2343
2151,CKSAAP_IH.gap1,2343
2152,CKSAAP_II.gap1,2343
2153,CKSAAP_IK.gap1,2343
2154,CKSAAP_IL.gap1,2343
2156,CKSAAP_IP.gap1,2343
2157,CKSAAP_IQ.gap1,2343
2158,CKSAAP_IR.gap1,2343
2159,CKSAAP_IS.gap1,2343
2160,CKSAAP_IT.gap1,2343
2184,CKSAAP_LF.gap1,2343
2143,CKSAAP_HL.gap1,2343
2186,CKSAAP_LH.gap1,2343
2189,CKSAAP_LL.gap1,2343
2212,CKSAAP_NR.gap1,2343
2213,CKSAAP_NS.gap1,2343
2214,CKSAAP_NT.gap1,2343
2215,CKSAAP_NV.gap1,2343
2216,CKSAAP_NY.gap1,2343
2217,CKSAAP_PA.gap1,2343
2211,CKSAAP_NQ.gap1,2343
2218,CKSAAP_PD.gap1,2343
2220,CKSAAP_PF.gap1,2343
2221,CKSAAP_PG.gap1,2343
2222,CKSAAP_PI.gap1,2343
681,DDE_CM,2343
2224,CKSAAP_PL.gap1,2343
2225,CKSAAP_PN.gap1,2343
2219,CKSAAP_PE.gap1,2343
2210,CKSAAP_NP.gap1,2343
2209,CKSAAP_NN.gap1,2343
2208,CKSAAP_NL.gap1,2343
2190,CKSAAP_LM.gap1,2343
2191,CKSAAP_LN.gap1,2343
2192,CKSAAP_LP.gap1,2343
2193,CKSAAP_LQ.gap1,2343
2196,CKSAAP_LT.gap1,2343
2197,CKSAAP_LV.gap1,2343
2198,CKSAAP_LY.gap1,2343
2199,CKSAAP_ME.gap1,2343
2200,CKSAAP_ML.gap1,2343
2201,CKSAAP_NA.gap1,2343
2202,CKSAAP_ND.gap1,2343
2203,CKSAAP_NE.gap1,2343
2204,CKSAAP_NF.gap1,2343
682,DDE_CN,2343
2206,CKSAAP_NI.gap1,2343
2187,CKSAAP_LI.gap1,2343
2142,CKSAAP_HD.gap1,2343
2140,CKSAAP_GV.gap1,2343
2138,CKSAAP_GS.gap1,2343
2081,CKSAAP_DF.gap1,2343
2082,CKSAAP_DG.gap1,2343
2083,CKSAAP_DI.gap1,2343
2084,CKSAAP_DK.gap1,2343
2085,CKSAAP_DL.gap1,2343
2086,CKSAAP_DN.gap1,2343
2080,CKSAAP_DE.gap1,2343
2087,CKSAAP_DP.gap1,2343
2089,CKSAAP_DR.gap1,2343
2090,CKSAAP_DS.gap1,2343
2091,CKSAAP_DT.gap1,2343
2092,CKSAAP_DV.gap1,2343
2093,CKSAAP_DY.gap1,2343
2095,CKSAAP_ED.gap1,2343
2088,CKSAAP_DQ.gap1,2343
2078,CKSAAP_DA.gap1,2343
2076,CKSAAP_AV.gap1,2343
2075,CKSAAP_AT.gap1,2343
2058,CKSAAP_YV.gap0,2343
2059,CKSAAP_YY.gap0,2343
2060,CKSAAP_AA.gap1,2343
2061,CKSAAP_AD.gap1,2343
2062,CKSAAP_AE.gap1,2343
2063,CKSAAP_AF.gap1,2343
2065,CKSAAP_AH.gap1,2343
2066,CKSAAP_AI.gap1,2343
2067,CKSAAP_AK.gap1,2343
687,DDE_CT,2343
2069,CKSAAP_AM.gap1,2343
2070,CKSAAP_AN.gap1,2343
2072,CKSAAP_AQ.gap1,2343
2073,CKSAAP_AR.gap1,2343
2074,CKSAAP_AS.gap1,2343
2096,CKSAAP_EE.gap1,2343
2097,CKSAAP_EF.gap1,2343
2098,CKSAAP_EG.gap1,2343
2099,CKSAAP_EH.gap1,2343
2121,CKSAAP_FR.gap1,2343
2122,CKSAAP_FS.gap1,2343
2123,CKSAAP_FT.gap1,2343
2124,CKSAAP_FV.gap1,2343
2125,CKSAAP_FY.gap1,2343
2126,CKSAAP_GA.gap1,2343
2127,CKSAAP_GD.gap1,2343
686,DDE_CS,2343
685,DDE_CR,2343
2131,CKSAAP_GI.gap1,2343
2132,CKSAAP_GK.gap1,2343
2134,CKSAAP_GN.gap1,2343
2135,CKSAAP_GP.gap1,2343
2136,CKSAAP_GQ.gap1,2343
857,DDE_MH,2343
2120,CKSAAP_FP.gap1,2343
2056,CKSAAP_YS.gap0,2343
2119,CKSAAP_FN.gap1,2343
2117,CKSAAP_FK.gap1,2343
2100,CKSAAP_EI.gap1,2343
2101,CKSAAP_EK.gap1,2343
2102,CKSAAP_EL.gap1,2343
2103,CKSAAP_EN.gap1,2343
2104,CKSAAP_EP.gap1,2343
2105,CKSAAP_EQ.gap1,2343
2106,CKSAAP_ER.gap1,2343
2107,CKSAAP_ES.gap1,2343
2108,CKSAAP_ET.gap1,2343
2110,CKSAAP_EY.gap1,2343
2112,CKSAAP_FD.gap1,2343
2113,CKSAAP_FE.gap1,2343
2114,CKSAAP_FF.gap1,2343
2115,CKSAAP_FG.gap1,2343
2116,CKSAAP_FI.gap1,2343
2118,CKSAAP_FL.gap1,2343
2227,CKSAAP_PQ.gap1,2343
1907,CKSAAP_LA.gap0,2343
1905,CKSAAP_KV.gap0,2343
1667,KSCTriad_g6.g3.g6.gap0,2343
1668,KSCTriad_g6.g4.g1.gap0,2343
1669,KSCTriad_g6.g4.g2.gap0,2343
1670,KSCTriad_g6.g4.g3.gap0,2343
1671,KSCTriad_g6.g4.g4.gap0,2343
1672,KSCTriad_g6.g4.g6.gap0,2343
1666,KSCTriad_g6.g3.g5.gap0,2343
1673,KSCTriad_g6.g5.g1.gap0,2343
1675,KSCTriad_g6.g5.g3.gap0,2343
1676,KSCTriad_g6.g5.g5.gap0,2343
1677,KSCTriad_g6.g5.g6.gap0,2343
1678,KSCTriad_g6.g6.g1.gap0,2343
1679,KSCTriad_g6.g6.g2.gap0,2343
1680,KSCTriad_g6.g6.g3.gap0,2343
1674,KSCTriad_g6.g5.g2.gap0,2343
1665,KSCTriad_g6.g3.g4.gap0,2343
1664,KSCTriad_g6.g3.g3.gap0,2343
1663,KSCTriad_g6.g3.g2.gap0,2343
1648,KSCTriad_g5.g6.g4.gap0,2343
1649,KSCTriad_g5.g6.g5.gap0,2343
1650,KSCTriad_g6.g1.g1.gap0,2343
1651,KSCTriad_g6.g1.g2.gap0,2343
1652,KSCTriad_g6.g1.g3.gap0,2343
1653,KSCTriad_g6.g1.g4.gap0,2343
1654,KSCTriad_g6.g1.g5.gap0,2343
1655,KSCTriad_g6.g1.g6.gap0,2343
1656,KSCTriad_g6.g2.g1.gap0,2343
1657,KSCTriad_g6.g2.g2.gap0,2343
1658,KSCTriad_g6.g2.g3.gap0,2343
1659,KSCTriad_g6.g2.g4.gap0,2343
1660,KSCTriad_g6.g2.g5.gap0,2343
1661,KSCTriad_g6.g2.g6.gap0,2343
1662,KSCTriad_g6.g3.g1.gap0,2343
1681,KSCTriad_g6.g6.g4.gap0,2343
1647,KSCTriad_g5.g6.g3.gap0,2343
1682,KSCTriad_g6.g6.g5.gap0,2343
801,DDE_IM,2343
769,DDE_GW,2343
764,DDE_GQ,2343
762,DDE_GN,2343
760,DDE_GL,2343
758,DDE_GI,2343
757,DDE_GH,2343
770,DDE_GY,2343
755,DDE_GF,2343
748,DDE_FV,2343
747,DDE_FT,2343
745,DDE_FR,2343
744,DDE_FQ,2343
739,DDE_FK,2343
737,DDE_FH,2343
749,DDE_FW,2343
772,DDE_HC,2343
775,DDE_HF,2343
776,DDE_HG,2343
797,DDE_IH,2343
794,DDE_IE,2343
792,DDE_IC,2343
790,DDE_HY,2343
788,DDE_HV,2343
787,DDE_HT,2343
786,DDE_HS,2343
785,DDE_HR,2343
784,DDE_HQ,2343
782,DDE_HN,2343
781,DDE_HM,2343
780,DDE_HL,2343
779,DDE_HK,2343
778,DDE_HI,2343
777,DDE_HH,2343
1683,KSCTriad_g6.g6.g6.gap0,2343
1646,KSCTriad_g5.g6.g2.gap0,2343
1645,KSCTriad_g5.g6.g1.gap0,2343
1644,KSCTriad_g5.g5.g4.gap0,2343
1592,KSCTriad_g4.g2.g3.gap0,2343
1593,KSCTriad_g4.g2.g4.gap0,2343
1594,KSCTriad_g4.g2.g5.gap0,2343
1595,KSCTriad_g4.g2.g6.gap0,2343
1596,KSCTriad_g4.g3.g1.gap0,2343
1597,KSCTriad_g4.g3.g2.gap0,2343
1591,KSCTriad_g4.g2.g2.gap0,2343
1598,KSCTriad_g4.g3.g3.gap0,2343
1600,KSCTriad_g4.g3.g5.gap0,2343
1601,KSCTriad_g4.g3.g6.gap0,2343
1602,KSCTriad_g4.g4.g1.gap0,2343
1603,KSCTriad_g4.g4.g2.gap0,2343
1604,KSCTriad_g4.g4.g3.gap0,2343
1605,KSCTriad_g4.g4.g4.gap0,2343
1599,KSCTriad_g4.g3.g4.gap0,2343
1590,KSCTriad_g4.g2.g1.gap0,2343
1589,KSCTriad_g4.g1.g6.gap0,2343
1588,KSCTriad_g4.g1.g5.gap0,2343
1573,KSCTriad_g3.g5.g2.gap0,2343
1574,KSCTriad_g3.g5.g3.gap0,2343
1575,KSCTriad_g3.g5.g4.gap0,2343
1576,KSCTriad_g3.g5.g5.gap0,2343
1577,KSCTriad_g3.g5.g6.gap0,2343
1578,KSCTriad_g3.g6.g1.gap0,2343
1579,KSCTriad_g3.g6.g2.gap0,2343
1580,KSCTriad_g3.g6.g3.gap0,2343
1581,KSCTriad_g3.g6.g4.gap0,2343
1582,KSCTriad_g3.g6.g5.gap0,2343
1583,KSCTriad_g3.g6.g6.gap0,2343
1584,KSCTriad_g4.g1.g1.gap0,2343
1585,KSCTriad_g4.g1.g2.gap0,2343
1586,KSCTriad_g4.g1.g3.gap0,2343
1587,KSCTriad_g4.g1.g4.gap0,2343
1606,KSCTriad_g4.g4.g5.gap0,2343
1607,KSCTriad_g4.g4.g6.gap0,2343
1608,KSCTriad_g4.g5.g1.gap0,2343
1609,KSCTriad_g4.g5.g2.gap0,2343
1629,KSCTriad_g5.g2.g5.gap0,2343
1630,KSCTriad_g5.g2.g6.gap0,2343
1631,KSCTriad_g5.g3.g1.gap0,2343
1632,KSCTriad_g5.g3.g2.gap0,2343
1633,KSCTriad_g5.g3.g3.gap0,2343
1634,KSCTriad_g5.g3.g4.gap0,2343
1635,KSCTriad_g5.g3.g5.gap0,2343
1636,KSCTriad_g5.g3.g6.gap0,2343
1637,KSCTriad_g5.g4.g1.gap0,2343
1638,KSCTriad_g5.g4.g2.gap0,2343
1639,KSCTriad_g5.g4.g3.gap0,2343
1640,KSCTriad_g5.g4.g4.gap0,2343
1641,KSCTriad_g5.g5.g1.gap0,2343
1642,KSCTriad_g5.g5.g2.gap0,2343
1643,KSCTriad_g5.g5.g3.gap0,2343
1628,KSCTriad_g5.g2.g4.gap0,2343
729,DDE_EW,2343
1627,KSCTriad_g5.g2.g3.gap0,2343
1625,KSCTriad_g5.g2.g1.gap0,2343
1610,KSCTriad_g4.g5.g3.gap0,2343
1611,KSCTriad_g4.g5.g4.gap0,2343
1612,KSCTriad_g4.g5.g5.gap0,2343
1613,KSCTriad_g4.g5.g6.gap0,2343
1614,KSCTriad_g4.g6.g1.gap0,2343
1615,KSCTriad_g4.g6.g2.gap0,2343
1616,KSCTriad_g4.g6.g3.gap0,2343
1617,KSCTriad_g4.g6.g4.gap0,2343
1618,KSCTriad_g4.g6.g5.gap0,2343
1619,KSCTriad_g5.g1.g1.gap0,2343
1620,KSCTriad_g5.g1.g2.gap0,2343
1621,KSCTriad_g5.g1.g3.gap0,2343
1622,KSCTriad_g5.g1.g4.gap0,2343
1623,KSCTriad_g5.g1.g5.gap0,2343
1624,KSCTriad_g5.g1.g6.gap0,2343
1626,KSCTriad_g5.g2.g2.gap0,2343
1906,CKSAAP_KY.gap0,2343
728,DDE_EV,2343
726,DDE_ES,2343
1854,CKSAAP_GH.gap0,2343
1855,CKSAAP_GI.gap0,2343
1856,CKSAAP_GK.gap0,2343
1857,CKSAAP_GL.gap0,2343
1858,CKSAAP_GM.gap0,2343
1859,CKSAAP_GN.gap0,2343
1853,CKSAAP_GG.gap0,2343
1860,CKSAAP_GP.gap0,2343
1862,CKSAAP_GR.gap0,2343
1863,CKSAAP_GS.gap0,2343
1864,CKSAAP_GT.gap0,2343
1865,CKSAAP_GV.gap0,2343
1866,CKSAAP_GY.gap0,2343
1867,CKSAAP_HA.gap0,2343
1861,CKSAAP_GQ.gap0,2343
1852,CKSAAP_GF.gap0,2343
1851,CKSAAP_GE.gap0,2343
1850,CKSAAP_GD.gap0,2343
1835,CKSAAP_FE.gap0,2343
1836,CKSAAP_FF.gap0,2343
1837,CKSAAP_FG.gap0,2343
1838,CKSAAP_FI.gap0,2343
1839,CKSAAP_FK.gap0,2343
1840,CKSAAP_FL.gap0,2343
1841,CKSAAP_FN.gap0,2343
1842,CKSAAP_FP.gap0,2343
1843,CKSAAP_FQ.gap0,2343
1844,CKSAAP_FR.gap0,2343
1845,CKSAAP_FS.gap0,2343
1846,CKSAAP_FT.gap0,2343
1847,CKSAAP_FV.gap0,2343
1848,CKSAAP_FY.gap0,2343
1849,CKSAAP_GA.gap0,2343
1868,CKSAAP_HG.gap0,2343
1834,CKSAAP_FD.gap0,2343
1869,CKSAAP_HL.gap0,2343
1871,CKSAAP_HV.gap0,2343
1891,CKSAAP_KE.gap0,2343
1892,CKSAAP_KF.gap0,2343
1893,CKSAAP_KG.gap0,2343
1894,CKSAAP_KH.gap0,2343
1895,CKSAAP_KI.gap0,2343
1896,CKSAAP_KK.gap0,2343
1890,CKSAAP_KD.gap0,2343
1897,CKSAAP_KL.gap0,2343
1899,CKSAAP_KN.gap0,2343
1900,CKSAAP_KP.gap0,2343
1901,CKSAAP_KQ.gap0,2343
1902,CKSAAP_KR.gap0,2343
1903,CKSAAP_KS.gap0,2343
1904,CKSAAP_KT.gap0,2343
1898,CKSAAP_KM.gap0,2343
1889,CKSAAP_KA.gap0,2343
1888,CKSAAP_IY.gap0,2343
1887,CKSAAP_IV.gap0,2343
1872,CKSAAP_IA.gap0,2343
1873,CKSAAP_ID.gap0,2343
1874,CKSAAP_IE.gap0,2343
1875,CKSAAP_IF.gap0,2343
1876,CKSAAP_IG.gap0,2343
1877,CKSAAP_IH.gap0,2343
1878,CKSAAP_II.gap0,2343
1879,CKSAAP_IK.gap0,2343
1880,CKSAAP_IL.gap0,2343
1881,CKSAAP_IN.gap0,2343
1882,CKSAAP_IP.gap0,2343
1883,CKSAAP_IQ.gap0,2343
1884,CKSAAP_IR.gap0,2343
1885,CKSAAP_IS.gap0,2343
1886,CKSAAP_IT.gap0,2343
1870,CKSAAP_HS.gap0,2343
1833,CKSAAP_FA.gap0,2343
1832,CKSAAP_EY.gap0,2343
1831,CKSAAP_EV.gap0,2343
690,DDE_CY,2343
689,DDE_CW,2343
688,DDE_CV,2343
1782,CKSAAP_AA.gap0,2343
1783,CKSAAP_AD.gap0,2343
1784,CKSAAP_AE.gap0,2343
692,DDE_DC,2343
1785,CKSAAP_AF.gap0,2343
1787,CKSAAP_AH.gap0,2343
1788,CKSAAP_AI.gap0,2343
1789,CKSAAP_AK.gap0,2343
1790,CKSAAP_AL.gap0,2343
1791,CKSAAP_AM.gap0,2343
1792,CKSAAP_AN.gap0,2343
1786,CKSAAP_AG.gap0,2343
693,DDE_DD,2343
694,DDE_DE,2343
697,DDE_DH,2343
721,DDE_EM,2343
720,DDE_EL,2343
719,DDE_EK,2343
718,DDE_EI,2343
717,DDE_EH,2343
716,DDE_EG,2343
713,DDE_ED,2343
709,DDE_DW,2343
708,DDE_DV,2343
707,DDE_DT,2343
706,DDE_DS,2343
705,DDE_DR,2343
701,DDE_DM,2343
700,DDE_DL,2343
698,DDE_DI,2343
1793,CKSAAP_AP.gap0,2343
1794,CKSAAP_AQ.gap0,2343
1795,CKSAAP_AR.gap0,2343
1796,CKSAAP_AS.gap0,2343
1816,CKSAAP_DY.gap0,2343
1817,CKSAAP_EA.gap0,2343
1818,CKSAAP_ED.gap0,2343
1819,CKSAAP_EE.gap0,2343
1820,CKSAAP_EF.gap0,2343
1821,CKSAAP_EG.gap0,2343
1822,CKSAAP_EI.gap0,2343
1823,CKSAAP_EK.gap0,2343
1824,CKSAAP_EL.gap0,2343
1825,CKSAAP_EN.gap0,2343
1826,CKSAAP_EP.gap0,2343
1827,CKSAAP_EQ.gap0,2343
1828,CKSAAP_ER.gap0,2343
1829,CKSAAP_ES.gap0,2343
1830,CKSAAP_ET.gap0,2343
1815,CKSAAP_DV.gap0,2343
727,DDE_ET,2343
1814,CKSAAP_DT.gap0,2343
1812,CKSAAP_DR.gap0,2343
1797,CKSAAP_AT.gap0,2343
1798,CKSAAP_AV.gap0,2343
1799,CKSAAP_AY.gap0,2343
1800,CKSAAP_CG.gap0,2343
1801,CKSAAP_DA.gap0,2343
1802,CKSAAP_DD.gap0,2343
1803,CKSAAP_DE.gap0,2343
1804,CKSAAP_DF.gap0,2343
1805,CKSAAP_DG.gap0,2343
1806,CKSAAP_DI.gap0,2343
1807,CKSAAP_DK.gap0,2343
1808,CKSAAP_DL.gap0,2343
1809,CKSAAP_DN.gap0,2343
1810,CKSAAP_DP.gap0,2343
1811,CKSAAP_DQ.gap0,2343
1813,CKSAAP_DS.gap0,2343
3417,OVP_Imino_acid_C4,2343
